in: U-value (wall),in: Fin Depth,in: Distance btw fins,in: Shading type,in: Orientation,in: Orientation angle,in: g-value,in: Transmittance,in: U-value (window),in: Glazing ratio,in: Window height,in: Sill height,out: Cooling (kWh/m2.year),out: Heating (kWh/m2.year),out: Lighting (kWh/m2.year),out: Total (kWh/m2.year),out: Dissatisfied (% users),out: Cooling Load (W/m2),out: Heating Load (W/m2)
0.25,0.45,0.75,Vertical,SE,135,0.4,0.7,1.6,0.8,3,1,6.503629,30.29224,3.8759,80.615343,27.049791,108.152563,29.982392
0.25,0.15,0.75,Vertical,SE,135,0.4,0.7,1.6,0.6,1.5,0,7.652318,36.019196,5.52945,90.057546,29.786818,126.023098,36.220623
0.25,0.15,0.75,Vertical,SE,135,0.4,0.7,1.6,0.8,1.5,0,8.803237,27.850792,3.76185,81.773681,30.555014,132.245162,30.845387
0.25,0.3,0.75,Vertical,SE,135,0.4,0.7,1.6,0.4,1.5,0,6.467168,45.225367,10.54645,102.530156,28.878211,115.51916,41.164894
0.25,0.3,0.75,Vertical,SE,135,0.4,0.7,1.6,0.6,1.5,0,6.966028,36.790632,6.322,90.496525,28.776711,116.333656,36.059582
0.25,0.3,0.75,Vertical,SE,135,0.4,0.7,1.6,0.8,1.5,0,7.896893,28.982905,3.99105,81.675616,29.019168,123.592345,30.625502
0.25,0.45,0.75,Vertical,SE,135,0.4,0.7,1.6,0.4,1.5,0,6.014396,45.938189,10.2937,102.273996,28.571028,110.873449,41.045079
0.25,0.45,0.75,Vertical,SE,135,0.4,0.7,1.6,0.6,1.5,0,6.537794,37.428624,6.36205,90.494384,28.179243,113.975138,35.934471
0.25,0.45,0.75,Vertical,SE,135,0.4,0.7,1.6,0.8,1.5,0,7.035387,29.745885,4.0511,81.054767,27.747558,112.581031,30.451781
0.25,0.15,0.75,Vertical,SE,135,0.32,0.6,1.6,0.4,1.5,0,6.295409,45.72658,11.02895,103.178837,28.763605,112.109354,41.336353
0.25,0.15,0.75,Vertical,SE,135,0.32,0.6,1.6,0.6,1.5,0,6.515005,37.512011,6.08595,90.156666,28.371842,110.086437,36.220623
0.25,0.15,0.75,Vertical,SE,135,0.32,0.6,1.6,0.8,1.5,0,7.150936,29.688849,3.87535,80.950513,28.182051,112.166471,30.845387
0.25,0.3,0.75,Vertical,SE,135,0.32,0.6,1.6,0.4,1.5,0,5.829384,46.50511,10.5723,102.763431,28.465247,107.154285,41.164894
0.25,0.3,0.75,Vertical,SE,135,0.32,0.6,1.6,0.6,1.5,0,6.095934,38.415284,6.4497,90.809194,27.753923,107.531577,36.059582
0.25,0.3,0.75,Vertical,SE,135,0.32,0.6,1.6,0.8,1.5,0,6.442081,30.666545,3.98875,80.881563,27.099945,103.876871,30.625502
0.25,0.45,0.75,Vertical,SE,135,0.32,0.6,1.6,0.4,1.5,0,5.645584,46.9249,11.6411,103.919752,28.241908,103.5985,41.045079
0.25,0.45,0.75,Vertical,SE,135,0.32,0.6,1.6,0.6,1.5,0,5.717679,38.931597,6.7823,91.013939,27.375899,101.856415,35.934471
0.25,0.45,0.75,Vertical,SE,135,0.32,0.6,1.6,0.8,1.5,0,5.857082,31.397775,4.3338,81.00229,26.298105,96.682469,30.451781
0.25,0.15,0.75,Vertical,SE,135,0.25,0.5,1.6,0.4,1.5,0,6.025115,46.460265,12.0118,104.441131,28.554881,107.813149,41.336353
0.25,0.15,0.75,Vertical,SE,135,0.25,0.5,1.6,0.6,1.5,0,6.115408,38.591267,7.01855,91.588414,27.852821,107.41438,36.220623
0.25,0.15,0.75,Vertical,SE,135,0.25,0.5,1.6,0.8,1.5,0,6.421845,31.052787,4.452,81.735376,27.186785,103.202062,30.845387
0.25,0.3,0.75,Vertical,SE,135,0.25,0.5,1.6,0.4,1.5,0,5.640218,47.194262,11.7974,104.325642,28.338324,103.366649,41.164894
0.25,0.3,0.75,Vertical,SE,135,0.25,0.5,1.6,0.6,1.5,0,5.638852,39.379143,7.5074,91.996788,27.38735,97.685278,36.059582
0.25,0.3,0.75,Vertical,SE,135,0.25,0.5,1.6,0.8,1.5,0,5.772928,31.857257,4.584,81.629287,26.367877,96.014794,30.625502
0.25,0.45,0.75,Vertical,SE,135,0.25,0.5,1.6,0.4,1.5,0,5.445036,47.623742,12.32055,104.959229,28.201133,100.246751,41.045079
0.25,0.45,0.75,Vertical,SE,135,0.25,0.5,1.6,0.6,1.5,0,5.3385,39.86709,7.61805,92.116297,27.139565,93.988855,35.934471
0.25,0.45,0.75,Vertical,SE,135,0.25,0.5,1.6,0.8,1.5,0,5.290706,32.663524,4.846,81.877584,25.810611,89.663795,30.451781
0.25,0.15,0.75,Vertical,SE,135,0.4,0.7,1,0.4,1.5,0,7.104437,40.453461,9.6863,97.714792,29.034252,116.831976,38.91057
0.25,0.15,0.75,Vertical,SE,135,0.4,0.7,1,0.6,1.5,0,8.331799,30.192324,5.52945,85.148155,29.58932,127.612557,32.528528
0.25,0.15,0.75,Vertical,SE,135,0.4,0.7,1,0.8,1.5,0,9.977126,20.938515,3.76185,76.391523,30.645585,134.885816,25.861849
0.25,0.3,0.75,Vertical,SE,135,0.4,0.7,1,0.4,1.5,0,6.796443,41.153208,10.54645,98.90487,28.436474,116.195599,38.770565
0.25,0.3,0.75,Vertical,SE,135,0.4,0.7,1,0.6,1.5,0,7.594134,30.949538,6.322,85.467602,28.406255,117.680566,32.416612
0.25,0.3,0.75,Vertical,SE,135,0.4,0.7,1,0.8,1.5,0,8.98045,21.909374,3.99105,76.041923,28.868683,125.998439,25.709019
0.25,0.45,0.75,Vertical,SE,135,0.4,0.7,1,0.4,1.5,0,6.316804,41.845055,10.2937,98.572144,28.057036,111.489064,38.675363
0.25,0.45,0.75,Vertical,SE,135,0.4,0.7,1,0.6,1.5,0,7.128594,31.547011,6.36205,85.415216,27.655768,115.211438,32.330189
0.25,0.45,0.75,Vertical,SE,135,0.4,0.7,1,0.8,1.5,0,8.019551,22.572438,4.0511,75.215475,27.353267,114.645441,25.589044
0.25,0.15,0.75,Vertical,SE,135,0.32,0.6,1,0.4,1.5,0,6.942543,41.1015,11.02895,99.519537,28.617634,116.82567,38.91057
0.25,0.15,0.75,Vertical,SE,135,0.32,0.6,1,0.6,1.5,0,7.633233,30.932026,6.08595,85.219287,28.630327,117.436392,32.528528
0.25,0.15,0.75,Vertical,SE,135,0.32,0.6,1,0.8,1.5,0,8.936704,21.862124,3.87535,75.754064,29.142311,122.469609,25.861849
0.25,0.3,0.75,Vertical,SE,135,0.32,0.6,1,0.4,1.5,0,6.392695,41.933933,10.5723,99.035197,28.157084,111.512229,38.770565
0.25,0.3,0.75,Vertical,SE,135,0.32,0.6,1,0.6,1.5,0,7.091912,31.888568,6.4497,85.763302,27.675082,114.339942,32.416612
0.25,0.3,0.75,Vertical,SE,135,0.32,0.6,1,0.8,1.5,0,7.991124,22.752694,3.98875,75.276388,27.517078,113.561728,25.709019
0.25,0.45,0.75,Vertical,SE,135,0.32,0.6,1,0.4,1.5,0,6.169733,42.430919,11.6411,100.21045,27.825114,107.691033,38.675363
0.25,0.45,0.75,Vertical,SE,135,0.32,0.6,1,0.6,1.5,0,6.607484,32.465956,6.7823,85.855772,27.048247,107.920871,32.330189
0.25,0.45,0.75,Vertical,SE,135,0.32,0.6,1,0.8,1.5,0,7.247742,23.370891,4.3338,75.054531,26.196052,105.765604,25.589044
0.25,0.15,0.75,Vertical,SE,135,0.25,0.5,1,0.4,1.5,0,6.30402,42.278715,12.0118,100.609336,27.967288,107.9011,38.91057
0.25,0.15,0.75,Vertical,SE,135,0.25,0.5,1,0.6,1.5,0,6.646749,32.528494,7.01855,86.210454,27.1049,107.879526,32.528528
0.25,0.15,0.75,Vertical,SE,135,0.25,0.5,1,0.8,1.5,0,7.2936,23.460163,4.452,75.264418,26.424027,104.161885,25.861849
0.25,0.3,0.75,Vertical,SE,135,0.25,0.5,1,0.4,1.5,0,5.906569,43.003388,11.7974,100.468726,27.689699,103.497365,38.770565
0.25,0.3,0.75,Vertical,SE,135,0.25,0.5,1,0.6,1.5,0,6.137941,33.2717,7.5074,86.5501,26.495969,98.081534,32.416612
0.25,0.3,0.75,Vertical,SE,135,0.25,0.5,1,0.8,1.5,0,6.58594,24.080607,4.584,74.874685,25.292062,96.836506,25.709019
0.25,0.45,0.75,Vertical,SE,135,0.25,0.5,1,0.4,1.5,0,5.686846,43.464702,12.32055,101.07204,27.513815,100.375331,38.675363
0.25,0.45,0.75,Vertical,SE,135,0.25,0.5,1,0.6,1.5,0,5.805532,33.760241,7.61805,86.619673,26.142455,94.294932,32.330189
0.25,0.45,0.75,Vertical,SE,135,0.25,0.5,1,0.8,1.5,0,6.065766,24.792012,4.846,75.024188,24.4682,90.315236,25.589044
0.6,0.15,0.75,Vertical,SE,135,0.4,0.7,1.6,0.4,1.5,0,6.587022,25.190497,9.6863,80.914533,24.722095,89.437374,26.815751
0.6,0.15,0.75,Vertical,SE,135,0.4,0.7,1.6,0.6,1.5,0,7.736511,23.473637,5.52945,77.052654,26.92155,108.823757,26.422493
0.6,0.15,0.75,Vertical,SE,135,0.4,0.7,1.6,0.8,1.5,0,8.990108,21.922405,3.76185,75.786787,29.329742,124.264468,25.9139
0.6,0.3,0.75,Vertical,SE,135,0.4,0.7,1.6,0.4,1.5,0,6.344952,25.770676,10.54645,82.067899,24.133216,89.14947,26.683422
0.6,0.3,0.75,Vertical,SE,135,0.4,0.7,1.6,0.6,1.5,0,7.012224,24.078617,6.322,77.272735,25.693254,98.880965,26.264852
0.6,0.3,0.75,Vertical,SE,135,0.4,0.7,1.6,0.8,1.5,0,8.065244,22.911309,3.99105,75.566322,27.667834,115.647075,25.699199
0.6,0.45,0.75,Vertical,SE,135,0.4,0.7,1.6,0.4,1.5,0,5.857037,26.322537,10.2937,81.58739,23.739744,84.320388,26.586668
0.6,0.45,0.75,Vertical,SE,135,0.4,0.7,1.6,0.6,1.5,0,6.52515,24.594948,6.36205,77.078574,24.902944,96.149902,26.141895
0.6,0.45,0.75,Vertical,SE,135,0.4,0.7,1.6,0.8,1.5,0,7.146216,23.536057,4.0511,74.742082,26.222072,104.221374,25.52879
0.6,0.15,0.75,Vertical,SE,135,0.32,0.6,1.6,0.4,1.5,0,6.019601,26.258764,11.02895,82.471998,23.886061,84.697883,26.815751
0.6,0.15,0.75,Vertical,SE,135,0.32,0.6,1.6,0.6,1.5,0,6.448202,24.695031,6.08595,76.678088,25.090356,92.020807,26.422493
0.6,0.15,0.75,Vertical,SE,135,0.32,0.6,1.6,0.8,1.5,0,7.241829,23.515799,3.87535,74.658685,26.648055,103.617151,25.9139
0.6,0.3,0.75,Vertical,SE,135,0.32,0.6,1.6,0.4,1.5,0,5.564936,26.866844,10.5723,81.926011,23.573135,80.039341,26.683422
0.6,0.3,0.75,Vertical,SE,135,0.32,0.6,1.6,0.6,1.5,0,6.008825,25.447341,6.4497,77.146011,24.357645,89.312474,26.264852
0.6,0.3,0.75,Vertical,SE,135,0.32,0.6,1.6,0.8,1.5,0,6.492165,24.306929,3.98875,74.342592,25.430166,95.234275,25.699199
0.6,0.45,0.75,Vertical,SE,135,0.32,0.6,1.6,0.4,1.5,0,5.373349,27.222061,11.6411,83.006832,23.325407,76.418152,26.586668
0.6,0.45,0.75,Vertical,SE,135,0.32,0.6,1.6,0.6,1.5,0,5.583377,25.919912,6.7823,77.246451,23.882256,83.315933,26.141895
0.6,0.45,0.75,Vertical,SE,135,0.32,0.6,1.6,0.8,1.5,0,5.880193,24.905905,4.3338,74.297143,24.52261,87.863111,25.52879
0.6,0.15,0.75,Vertical,SE,135,0.25,0.5,1.6,0.4,1.5,0,5.660118,26.973635,12.0118,83.585533,23.629716,79.846359,26.815751
0.6,0.15,0.75,Vertical,SE,135,0.25,0.5,1.6,0.6,1.5,0,5.995968,25.672428,7.01855,77.932203,24.413451,88.821718,26.422493
0.6,0.15,0.75,Vertical,SE,135,0.25,0.5,1.6,0.8,1.5,0,6.43518,24.653321,4.452,75.063628,25.46323,94.243233,25.9139
0.6,0.3,0.75,Vertical,SE,135,0.25,0.5,1.6,0.4,1.5,0,5.296174,27.52799,11.7974,83.33967,23.433117,75.819242,26.683422
0.6,0.3,0.75,Vertical,SE,135,0.25,0.5,1.6,0.6,1.5,0,5.489237,26.356381,7.5074,78.204473,23.879013,79.025069,26.264852
0.6,0.3,0.75,Vertical,SE,135,0.25,0.5,1.6,0.8,1.5,0,5.784708,25.370044,4.584,74.873049,24.57041,87.066503,25.699199
0.6,0.45,0.75,Vertical,SE,135,0.25,0.5,1.6,0.4,1.5,0,5.098234,27.892217,12.32055,83.893114,23.295946,72.721384,26.586668
0.6,0.45,0.75,Vertical,SE,135,0.25,0.5,1.6,0.6,1.5,0,5.14286,26.79806,7.61805,78.214257,23.588133,75.131993,26.141895
0.6,0.45,0.75,Vertical,SE,135,0.25,0.5,1.6,0.8,1.5,0,5.273269,26.108193,4.846,75.04774,23.93814,80.612153,25.52879
0.6,0.15,0.75,Vertical,SE,135,0.4,0.7,1,0.4,1.5,0,7.068236,21.493465,9.6863,77.859883,24.210584,90.303259,24.232703
0.6,0.15,0.75,Vertical,SE,135,0.4,0.7,1,0.6,1.5,0,8.610432,18.256875,5.52945,73.003645,26.659029,110.497611,22.562362
0.6,0.15,0.75,Vertical,SE,135,0.4,0.7,1,0.8,1.5,0,10.344528,15.342344,3.76185,71.06901,29.363574,127.000976,20.809721
0.6,0.3,0.75,Vertical,SE,135,0.4,0.7,1,0.4,1.5,0,6.803792,22.048081,10.54645,78.929113,23.487261,89.895506,24.132677
0.6,0.3,0.75,Vertical,SE,135,0.4,0.7,1,0.6,1.5,0,7.842363,18.831434,6.322,73.113091,25.225819,100.309711,22.454626
0.6,0.3,0.75,Vertical,SE,135,0.4,0.7,1,0.8,1.5,0,9.317786,16.149071,3.99105,70.519415,27.424831,118.197439,20.662621
0.6,0.45,0.75,Vertical,SE,135,0.4,0.7,1,0.4,1.5,0,6.315795,22.516333,10.2937,78.38928,22.961932,84.946074,24.06115
0.6,0.45,0.75,Vertical,SE,135,0.4,0.7,1,0.6,1.5,0,7.304283,19.314383,6.36205,72.86497,24.218886,97.44869,22.370938
0.6,0.45,0.75,Vertical,SE,135,0.4,0.7,1,0.8,1.5,0,8.291929,16.707499,4.0511,69.438154,25.709983,106.377992,20.54637
0.6,0.15,0.75,Vertical,SE,135,0.32,0.6,1,0.4,1.5,0,6.852245,22.083319,11.02895,79.515572,23.58262,89.631695,24.232703
0.6,0.15,0.75,Vertical,SE,135,0.32,0.6,1,0.6,1.5,0,7.804759,18.855968,6.08595,72.832775,25.365788,99.694525,22.562362
0.6,0.15,0.75,Vertical,SE,135,0.32,0.6,1,0.8,1.5,0,9.209628,16.132458,3.87535,70.137029,27.618621,114.123003,20.809721
0.6,0.3,0.75,Vertical,SE,135,0.32,0.6,1,0.4,1.5,0,6.303899,22.655747,10.5723,78.787098,23.025014,84.583541,24.132677
0.6,0.3,0.75,Vertical,SE,135,0.32,0.6,1,0.6,1.5,0,7.235186,19.570601,6.4497,73.077663,24.172721,96.339034,22.454626
0.6,0.3,0.75,Vertical,SE,135,0.32,0.6,1,0.8,1.5,0,8.232597,16.874344,3.98875,69.458782,25.835631,105.147132,20.662621
0.6,0.45,0.75,Vertical,SE,135,0.32,0.6,1,0.4,1.5,0,6.06172,23.047055,11.6411,79.838965,22.605754,80.653211,24.06115
0.6,0.45,0.75,Vertical,SE,135,0.32,0.6,1,0.6,1.5,0,6.671721,20.028471,6.7823,72.939604,23.359402,89.587042,22.370938
0.6,0.45,0.75,Vertical,SE,135,0.32,0.6,1,0.8,1.5,0,7.456414,17.429925,4.3338,69.115144,24.323742,97.064094,20.54637
0.6,0.15,0.75,Vertical,SE,135,0.25,0.5,1,0.4,1.5,0,6.080217,23.057089,12.0118,80.22832,22.68737,79.934153,24.232703
0.6,0.15,0.75,Vertical,SE,135,0.25,0.5,1,0.6,1.5,0,6.681736,20.108491,7.01855,73.25369,23.374346,89.305919,22.562362
0.6,0.15,0.75,Vertical,SE,135,0.25,0.5,1,0.8,1.5,0,7.468898,17.574086,4.452,69.320764,24.511406,95.203652,20.809721
0.6,0.3,0.75,Vertical,SE,135,0.25,0.5,1,0.4,1.5,0,5.686816,23.579464,11.7974,79.896299,22.395097,75.858047,24.132677
0.6,0.3,0.75,Vertical,SE,135,0.25,0.5,1,0.6,1.5,0,6.121952,20.670695,7.5074,73.291905,22.611172,79.350629,22.454626
0.6,0.3,0.75,Vertical,SE,135,0.25,0.5,1,0.8,1.5,0,6.747846,18.120785,4.584,68.901293,23.249706,87.882024,20.662621
0.6,0.45,0.75,Vertical,SE,135,0.25,0.5,1,0.4,1.5,0,5.47605,23.917482,12.32055,80.410844,22.184828,72.729523,24.06115
0.6,0.45,0.75,Vertical,SE,135,0.25,0.5,1,0.6,1.5,0,5.771987,21.056734,7.61805,73.262792,22.150946,75.371812,22.370938
0.6,0.45,0.75,Vertical,SE,135,0.25,0.5,1,0.8,1.5,0,6.190026,18.722607,4.846,68.867118,22.287287,81.21796,20.54637
0.25,0.15,0.75,Vertical,SE,135,0.4,0.7,1.6,0.4,3,0,6.181542,45.709921,4.7324,96.809913,29.523743,117.899929,41.025938
0.25,0.15,0.75,Vertical,SE,135,0.4,0.7,1.6,0.6,3,0,7.283458,36.618475,3.7527,88.272617,29.808622,123.441241,35.94935
0.25,0.15,0.75,Vertical,SE,135,0.4,0.7,1.6,0.8,3,0,8.48149,28.286144,3.6717,81.577406,30.212579,128.793094,30.590046
0.25,0.3,0.75,Vertical,SE,135,0.4,0.7,1.6,0.4,3,0,5.592136,46.758668,4.97965,97.117597,28.986955,108.372199,40.677814
0.25,0.3,0.75,Vertical,SE,135,0.4,0.7,1.6,0.6,3,0,6.655505,37.616984,4.0543,88.59287,28.919358,117.615361,35.650755
0.25,0.3,0.75,Vertical,SE,135,0.4,0.7,1.6,0.8,3,0,7.337622,29.448092,3.65195,80.874249,28.390838,117.260422,30.238112
0.25,0.45,0.75,Vertical,SE,135,0.4,0.7,1.6,0.4,3,0,5.071342,47.719566,5.10715,97.453636,28.572665,104.884248,40.422258
0.25,0.45,0.75,Vertical,SE,135,0.4,0.7,1.6,0.6,3,0,5.993794,38.672751,4.00585,88.549211,28.183274,111.155687,35.421524
0.25,0.45,0.75,Vertical,SE,135,0.4,0.7,1.6,0.8,3,0,6.503629,30.29224,3.8759,80.615343,27.049791,108.152563,29.982392
0.25,0.15,0.75,Vertical,SE,135,0.32,0.6,1.6,0.4,3,0,5.558525,46.995803,5.4245,97.705196,28.974399,105.985866,41.025938
0.25,0.15,0.75,Vertical,SE,135,0.32,0.6,1.6,0.6,3,0,6.24301,38.230292,4.07825,88.522283,28.433521,111.619833,35.94935
0.25,0.15,0.75,Vertical,SE,135,0.32,0.6,1.6,0.8,3,0,6.873385,30.216834,3.4888,80.656777,27.884101,109.79255,30.590046
0.25,0.3,0.75,Vertical,SE,135,0.32,0.6,1.6,0.4,3,0,5.060654,47.849496,5.5774,97.889051,28.644009,100.096243,40.677814
0.25,0.3,0.75,Vertical,SE,135,0.32,0.6,1.6,0.6,3,0,5.674234,39.267761,4.008,88.569127,27.860533,105.292353,35.650755
0.25,0.3,0.75,Vertical,SE,135,0.32,0.6,1.6,0.8,3,0,5.989869,31.190995,3.7554,80.500297,26.627641,100.081271,30.238112
0.25,0.45,0.75,Vertical,SE,135,0.32,0.6,1.6,0.4,3,0,4.627741,48.840925,5.73205,98.443821,28.409622,98.003648,40.422258
0.25,0.45,0.75,Vertical,SE,135,0.32,0.6,1.6,0.6,3,0,5.194017,40.184496,4.4579,89.170886,27.424488,99.014746,35.421524
0.25,0.45,0.75,Vertical,SE,135,0.32,0.6,1.6,0.8,3,0,5.346749,32.200643,3.8674,80.560602,25.833326,92.317214,29.982392
0.25,0.15,0.75,Vertical,SE,135,0.25,0.5,1.6,0.4,3,0,5.188491,47.777053,5.6349,98.07899,28.816946,100.877432,41.025938
0.25,0.15,0.75,Vertical,SE,135,0.25,0.5,1.6,0.6,3,0,5.628663,39.472307,4.1785,88.800662,27.960099,101.768291,35.94935
0.25,0.15,0.75,Vertical,SE,135,0.25,0.5,1.6,0.8,3,0,6.07792,31.467375,3.8555,81.003619,26.951639,100.439608,30.590046
0.25,0.3,0.75,Vertical,SE,135,0.25,0.5,1.6,0.4,3,0,4.772652,48.703355,5.80405,98.508511,28.609021,96.208786,40.677814
0.25,0.3,0.75,Vertical,SE,135,0.25,0.5,1.6,0.6,3,0,5.25307,40.29044,4.77005,89.650179,27.530296,99.546814,35.650755
0.25,0.3,0.75,Vertical,SE,135,0.25,0.5,1.6,0.8,3,0,5.314955,32.632701,3.86005,80.928423,26.031496,91.994244,30.238112
0.25,0.45,0.75,Vertical,SE,135,0.25,0.5,1.6,0.4,3,0,4.417512,49.604112,6.1949,99.285716,28.461043,94.778415,40.422258
0.25,0.45,0.75,Vertical,SE,135,0.25,0.5,1.6,0.6,3,0,4.807901,41.161595,4.93695,90.000692,27.244473,94.139544,35.421524
0.25,0.45,0.75,Vertical,SE,135,0.25,0.5,1.6,0.8,3,0,4.726229,33.415741,4.0795,81.019422,25.53397,87.155736,29.982392
0.25,0.15,0.75,Vertical,SE,135,0.4,0.7,1,0.4,3,0,6.495218,41.622731,4.7324,93.104795,29.129464,118.774157,38.674134
0.25,0.15,0.75,Vertical,SE,135,0.4,0.7,1,0.6,3,0,7.942903,30.807185,3.7527,83.371439,29.591191,125.088585,32.331123
0.25,0.15,0.75,Vertical,SE,135,0.4,0.7,1,0.8,3,0,9.626465,21.338889,3.6717,76.13721,30.258687,131.454545,25.65146
0.25,0.3,0.75,Vertical,SE,135,0.4,0.7,1,0.4,3,0,5.876669,42.651231,4.97965,93.357135,28.484944,109.130697,38.357192
0.25,0.3,0.75,Vertical,SE,135,0.4,0.7,1,0.6,3,0,7.25233,31.743492,4.0543,83.526975,28.506094,119.039594,32.079238
0.25,0.3,0.75,Vertical,SE,135,0.4,0.7,1,0.8,3,0,8.376115,22.324947,3.65195,75.160935,28.131343,119.546375,25.365585
0.25,0.45,0.75,Vertical,SE,135,0.4,0.7,1,0.4,3,0,5.319483,43.60506,5.10715,93.621822,27.959151,105.501256,38.127562
0.25,0.45,0.75,Vertical,SE,135,0.4,0.7,1,0.6,3,0,6.532908,32.70317,4.00585,83.276539,27.570901,112.468393,31.884501
0.25,0.45,0.75,Vertical,SE,135,0.4,0.7,1,0.8,3,0,7.445332,23.012501,3.8759,74.603151,26.432227,110.036166,25.163506
0.25,0.15,0.75,Vertical,SE,135,0.32,0.6,1,0.4,3,0,6.155783,42.320755,5.4245,93.911168,28.774438,111.037792,38.674134
0.25,0.15,0.75,Vertical,SE,135,0.32,0.6,1,0.6,3,0,7.31963,31.640376,4.07825,83.521197,28.671714,118.972408,32.331123
0.25,0.15,0.75,Vertical,SE,135,0.32,0.6,1,0.8,3,0,8.614983,22.284697,3.4888,75.301519,28.745271,120.294888,25.65146
0.25,0.3,0.75,Vertical,SE,135,0.32,0.6,1,0.4,3,0,5.570657,43.263058,5.5774,94.031475,28.245229,104.548665,38.357192
0.25,0.3,0.75,Vertical,SE,135,0.32,0.6,1,0.6,3,0,6.601675,32.706457,4.008,83.379495,27.736568,112.420114,32.079238
0.25,0.3,0.75,Vertical,SE,135,0.32,0.6,1,0.8,3,0,7.513989,23.136916,3.7554,74.712061,26.803781,109.989253,25.365585
0.25,0.45,0.75,Vertical,SE,135,0.32,0.6,1,0.4,3,0,5.087643,44.279584,5.73205,94.544053,27.848508,102.099353,38.127562
0.25,0.45,0.75,Vertical,SE,135,0.32,0.6,1,0.6,3,0,6.031889,33.627166,4.4579,83.8284,26.973291,105.583433,31.884501
0.25,0.45,0.75,Vertical,SE,135,0.32,0.6,1,0.8,3,0,6.672853,24.011827,3.8674,74.34052,25.373132,101.304359,25.163506
0.25,0.15,0.75,Vertical,SE,135,0.25,0.5,1,0.4,3,0,5.439154,43.585043,5.6349,94.154338,28.196791,101.083955,38.674134
0.25,0.15,0.75,Vertical,SE,135,0.25,0.5,1,0.6,3,0,6.116529,33.35352,4.1785,83.313175,27.179707,102.26295,32.331123
0.25,0.15,0.75,Vertical,SE,135,0.25,0.5,1,0.8,3,0,6.936297,23.792881,3.8555,74.449641,26.079575,101.357784,25.65146
0.25,0.3,0.75,Vertical,SE,135,0.25,0.5,1,0.4,3,0,5.002771,44.503464,5.80405,94.561426,27.911465,96.355919,38.357192
0.25,0.3,0.75,Vertical,SE,135,0.25,0.5,1,0.6,3,0,5.703139,34.154042,4.77005,84.074497,26.579179,99.949768,32.079238
0.25,0.3,0.75,Vertical,SE,135,0.25,0.5,1,0.8,3,0,6.087955,24.740332,3.86005,74.039101,24.752369,92.706139,25.365585
0.25,0.45,0.75,Vertical,SE,135,0.25,0.5,1,0.4,3,0,4.641177,45.393634,6.1949,95.345945,27.69747,94.893887,38.127562
0.25,0.45,0.75,Vertical,SE,135,0.25,0.5,1,0.6,3,0,5.231653,34.998603,4.93695,84.325089,26.12705,94.422503,31.884501
0.25,0.45,0.75,Vertical,SE,135,0.25,0.5,1,0.8,3,0,5.447264,25.384709,4.0795,73.938784,23.910125,87.70163,25.163506
0.6,0.15,0.75,Vertical,SE,135,0.4,0.7,1.6,0.4,3,0,6.033162,25.972276,4.7324,76.059821,24.90533,91.719812,26.610053
0.6,0.15,0.75,Vertical,SE,135,0.4,0.7,1.6,0.6,3,0,7.44159,23.947852,3.7527,75.333499,27.090401,107.401659,26.24675
0.6,0.15,0.75,Vertical,SE,135,0.4,0.7,1.6,0.8,3,0,8.793875,22.254913,3.6717,75.719217,29.187364,122.116777,25.766809
0.6,0.3,0.75,Vertical,SE,135,0.4,0.7,1.6,0.4,3,0,5.475284,26.721309,4.97965,76.102518,24.287726,82.598066,26.396924
0.6,0.3,0.75,Vertical,SE,135,0.4,0.7,1.6,0.6,3,0,6.82545,24.672318,4.0543,75.395926,26.13489,102.521658,26.029695
0.6,0.3,0.75,Vertical,SE,135,0.4,0.7,1.6,0.8,3,0,7.715702,23.173812,3.65195,74.925416,27.371274,111.307422,25.492822
0.6,0.45,0.75,Vertical,SE,135,0.4,0.7,1.6,0.4,3,0,5.001542,27.39158,5.10715,76.184008,23.809799,80.125737,26.235355
0.6,0.45,0.75,Vertical,SE,135,0.4,0.7,1.6,0.6,3,0,6.21419,25.416791,4.00585,75.134468,25.3191,96.866289,25.865723
0.6,0.45,0.75,Vertical,SE,135,0.4,0.7,1.6,0.8,3,0,6.858794,23.803971,3.8759,74.399774,25.8676,102.245174,25.284589
0.6,0.15,0.75,Vertical,SE,135,0.32,0.6,1.6,0.4,3,0,5.270952,27.129022,5.4245,76.594857,24.13205,78.880278,26.610053
0.6,0.15,0.75,Vertical,SE,135,0.32,0.6,1.6,0.6,3,0,6.222111,25.2496,4.07825,74.982336,25.294221,94.773842,26.24675
0.6,0.15,0.75,Vertical,SE,135,0.32,0.6,1.6,0.8,3,0,7.081591,23.886837,3.4888,74.405763,26.525068,102.53835,25.766809
0.6,0.3,0.75,Vertical,SE,135,0.32,0.6,1.6,0.4,3,0,4.807287,27.704221,5.5774,76.532337,23.78907,73.547609,26.396924
0.6,0.3,0.75,Vertical,SE,135,0.32,0.6,1.6,0.6,3,0,5.691994,26.069204,4.008,74.902146,24.716796,89.426327,26.029695
0.6,0.3,0.75,Vertical,SE,135,0.32,0.6,1.6,0.8,3,0,6.265892,24.558897,3.7554,74.026246,25.218112,93.574287,25.492822
0.6,0.45,0.75,Vertical,SE,135,0.32,0.6,1.6,0.4,3,0,4.488385,28.395029,5.73205,76.954826,23.561049,72.637686,26.235355
0.6,0.45,0.75,Vertical,SE,135,0.32,0.6,1.6,0.6,3,0,5.273458,26.776809,4.4579,75.379412,24.254551,84.136046,25.865723
0.6,0.45,0.75,Vertical,SE,135,0.32,0.6,1.6,0.8,3,0,5.614918,25.38169,3.8674,73.902404,24.309245,85.931273,25.284589
0.6,0.15,0.75,Vertical,SE,135,0.25,0.5,1.6,0.4,3,0,4.808833,27.866951,5.6349,76.777133,23.944458,73.220617,26.610053
0.6,0.15,0.75,Vertical,SE,135,0.25,0.5,1.6,0.6,3,0,5.51755,26.358509,4.1785,75.021601,24.658829,84.245672,26.24675
0.6,0.15,0.75,Vertical,SE,135,0.25,0.5,1.6,0.8,3,0,6.205183,24.919398,3.8555,74.375257,25.375421,92.691865,25.766809
0.6,0.3,0.75,Vertical,SE,135,0.25,0.5,1.6,0.4,3,0,4.451352,28.507269,5.80405,76.999948,23.739842,69.161383,26.396924
0.6,0.3,0.75,Vertical,SE,135,0.25,0.5,1.6,0.6,3,0,5.187864,27.017376,4.77005,75.787071,24.24448,82.976269,26.029695
0.6,0.3,0.75,Vertical,SE,135,0.25,0.5,1.6,0.8,3,0,5.501577,25.845326,3.86005,74.170736,24.433775,85.011867,25.492822
0.6,0.45,0.75,Vertical,SE,135,0.25,0.5,1.6,0.4,3,0,4.214176,29.088236,6.1949,77.660932,23.642889,69.008605,26.235355
0.6,0.45,0.75,Vertical,SE,135,0.25,0.5,1.6,0.6,3,0,4.787455,27.676562,4.93695,75.923699,23.941784,78.552422,25.865723
0.6,0.45,0.75,Vertical,SE,135,0.25,0.5,1.6,0.8,3,0,4.938874,26.4792,4.0795,74.16809,23.830136,80.478448,25.284589
0.6,0.15,0.75,Vertical,SE,135,0.4,0.7,1,0.4,3,0,6.509452,22.237776,4.7324,72.953619,24.357566,92.646932,24.095519
0.6,0.15,0.75,Vertical,SE,135,0.4,0.7,1,0.6,3,0,8.284004,18.690622,3.7527,71.161233,26.815314,109.195519,22.456874
0.6,0.15,0.75,Vertical,SE,135,0.4,0.7,1,0.8,3,0,10.110853,15.648567,3.6717,70.897513,29.200925,124.877331,20.707437
0.6,0.3,0.75,Vertical,SE,135,0.4,0.7,1,0.4,3,0,5.906735,22.889548,4.97965,72.807319,23.569707,83.367259,23.914762
0.6,0.3,0.75,Vertical,SE,135,0.4,0.7,1,0.6,3,0,7.643799,19.337595,4.0543,71.134669,25.658492,104.1453,22.287702
0.6,0.3,0.75,Vertical,SE,135,0.4,0.7,1,0.8,3,0,8.926898,16.42176,3.65195,69.794876,27.081726,113.699404,20.500614
0.6,0.45,0.75,Vertical,SE,135,0.4,0.7,1,0.4,3,0,5.418992,23.518368,5.10715,72.865919,22.939937,80.762414,23.78003
0.6,0.45,0.75,Vertical,SE,135,0.4,0.7,1,0.6,3,0,6.981685,20.007554,4.00585,70.773689,24.613859,98.265477,22.15909
0.6,0.45,0.75,Vertical,SE,135,0.4,0.7,1,0.8,3,0,7.975055,16.948087,3.8759,69.034706,25.230762,104.363536,20.346788
0.6,0.15,0.75,Vertical,SE,135,0.32,0.6,1,0.4,3,0,6.056059,22.820728,5.4245,73.410023,23.76052,84.250593,24.095519
0.6,0.15,0.75,Vertical,SE,135,0.32,0.6,1,0.6,3,0,7.55306,19.357374,4.07825,71.030833,25.565588,102.36182,22.456874
0.6,0.15,0.75,Vertical,SE,135,0.32,0.6,1,0.8,3,0,9.01146,16.455218,3.4888,69.759415,27.431235,113.084159,20.707437
0.6,0.3,0.75,Vertical,SE,135,0.32,0.6,1,0.4,3,0,5.505324,23.391381,5.5774,73.263945,23.148865,78.069868,23.914762
0.6,0.3,0.75,Vertical,SE,135,0.32,0.6,1,0.6,3,0,6.886494,20.118937,4.008,70.72285,24.567733,96.596167,22.287702
0.6,0.3,0.75,Vertical,SE,135,0.32,0.6,1,0.8,3,0,7.977043,17.120705,3.7554,69.073367,25.477775,103.492107,20.500614
0.6,0.45,0.75,Vertical,SE,135,0.32,0.6,1,0.4,3,0,5.133532,24.081469,5.73205,73.587979,22.697954,76.714185,23.78003
0.6,0.45,0.75,Vertical,SE,135,0.32,0.6,1,0.6,3,0,6.349424,20.759706,4.4579,70.92265,23.706445,90.745102,22.15909
0.6,0.45,0.75,Vertical,SE,135,0.32,0.6,1,0.8,3,0,7.138505,17.804825,3.8674,68.547672,23.907839,95.040385,20.346788
0.6,0.15,0.75,Vertical,SE,135,0.25,0.5,1,0.4,3,0,5.210563,23.854211,5.6349,73.303011,22.961876,73.42183,24.095519
0.6,0.15,0.75,Vertical,SE,135,0.25,0.5,1,0.6,3,0,6.171836,20.699239,4.1785,70.20043,23.59159,84.7383,22.456874
0.6,0.15,0.75,Vertical,SE,135,0.25,0.5,1,0.8,3,0,7.23422,17.791124,3.8555,68.600262,24.360528,93.607982,20.707437
0.6,0.3,0.75,Vertical,SE,135,0.25,0.5,1,0.4,3,0,4.819051,24.445823,5.80405,73.421711,22.643363,69.242291,23.914762
0.6,0.3,0.75,Vertical,SE,135,0.25,0.5,1,0.6,3,0,5.83471,21.288367,4.77005,70.890985,22.973243,83.375672,22.287702
0.6,0.3,0.75,Vertical,SE,135,0.25,0.5,1,0.8,3,0,6.444558,18.504845,3.86005,68.112832,22.997138,85.742419,20.500614
0.6,0.45,0.75,Vertical,SE,135,0.25,0.5,1,0.4,3,0,4.567257,24.988107,6.1949,74.00864,22.444689,69.043731,23.78003
0.6,0.45,0.75,Vertical,SE,135,0.25,0.5,1,0.6,3,0,5.403255,21.8669,4.93695,70.963113,22.469988,78.860885,22.15909
0.6,0.45,0.75,Vertical,SE,135,0.25,0.5,1,0.8,3,0,5.837363,19.008675,4.0795,67.895721,22.011817,81.043651,20.346788
0.25,0.15,0.75,Vertical,SE,135,0.4,0.7,1.6,0.4,1.5,0.7,6.265804,45.653515,4.93575,97.043898,29.513333,116.015538,41.318
0.25,0.15,0.75,Vertical,SE,135,0.4,0.7,1.6,0.6,1.5,0.7,7.401182,36.648188,3.59265,88.346523,29.80653,125.458295,36.208045
0.25,0.15,0.75,Vertical,SE,135,0.4,0.7,1.6,0.8,1.5,0.7,8.778305,28.396197,3.2828,81.801666,30.488255,132.352213,30.833492
0.25,0.3,0.75,Vertical,SE,135,0.4,0.7,1.6,0.4,1.5,0.7,5.86097,46.28474,5.9539,98.066904,28.955609,113.345115,41.092865
0.25,0.3,0.75,Vertical,SE,135,0.4,0.7,1.6,0.6,1.5,0.7,6.737707,37.599909,3.93105,88.53576,28.819838,116.491125,35.997104
0.25,0.3,0.75,Vertical,SE,135,0.4,0.7,1.6,0.8,1.5,0.7,7.720504,29.398501,3.47735,81.265099,28.838537,120.70953,30.569037
0.25,0.45,0.75,Vertical,SE,135,0.4,0.7,1.6,0.4,1.5,0.7,5.45326,47.132947,5.93295,98.290923,28.618458,108.612332,40.91339
0.25,0.45,0.75,Vertical,SE,135,0.4,0.7,1.6,0.6,1.5,0.7,6.163103,38.383496,4.0075,88.477528,28.088081,110.520407,35.815737
0.25,0.45,0.75,Vertical,SE,135,0.4,0.7,1.6,0.8,1.5,0.7,6.879231,30.210508,3.53175,80.767498,27.622478,111.327693,30.347297
0.25,0.15,0.75,Vertical,SE,135,0.32,0.6,1.6,0.4,1.5,0.7,5.660185,46.801287,6.02395,98.230283,28.895881,106.669469,41.318
0.25,0.15,0.75,Vertical,SE,135,0.32,0.6,1.6,0.6,1.5,0.7,6.276704,38.342253,3.8413,88.407181,28.416684,110.050379,36.208045
0.25,0.15,0.75,Vertical,SE,135,0.32,0.6,1.6,0.8,1.5,0.7,7.119314,29.983994,3.68485,81.010259,28.205595,112.199801,30.833492
0.25,0.3,0.75,Vertical,SE,135,0.32,0.6,1.6,0.4,1.5,0.7,5.282964,47.528495,6.26385,98.624118,28.580046,101.714818,41.092865
0.25,0.3,0.75,Vertical,SE,135,0.32,0.6,1.6,0.6,1.5,0.7,5.779673,39.09505,4.1886,88.716883,27.781462,103.75634,35.997104
0.25,0.3,0.75,Vertical,SE,135,0.32,0.6,1.6,0.8,1.5,0.7,6.328038,31.179767,3.5429,80.795834,27.05095,103.644239,30.569037
0.25,0.45,0.75,Vertical,SE,135,0.32,0.6,1.6,0.4,1.5,0.7,4.964473,48.233704,6.18505,98.813498,28.380293,101.221861,40.91339
0.25,0.45,0.75,Vertical,SE,135,0.32,0.6,1.6,0.6,1.5,0.7,5.330437,39.81895,4.15925,88.682391,27.343114,99.364867,35.815737
0.25,0.45,0.75,Vertical,SE,135,0.32,0.6,1.6,0.8,1.5,0.7,5.695954,31.741495,3.7365,80.54315,26.197796,96.016187,30.347297
0.25,0.15,0.75,Vertical,SE,135,0.25,0.5,1.6,0.4,1.5,0.7,5.341204,47.661446,6.0901,98.651897,28.75869,102.224451,41.318
0.25,0.15,0.75,Vertical,SE,135,0.25,0.5,1.6,0.6,1.5,0.7,5.76668,39.556582,3.9855,88.94282,27.92769,105.509598,36.208045
0.25,0.15,0.75,Vertical,SE,135,0.25,0.5,1.6,0.8,1.5,0.7,6.294976,31.391357,3.66825,81.047313,27.198705,102.722592,30.833492
0.25,0.3,0.75,Vertical,SE,135,0.25,0.5,1.6,0.4,1.5,0.7,4.988726,48.453558,6.1037,98.975089,28.525428,101.708774,41.092865
0.25,0.3,0.75,Vertical,SE,135,0.25,0.5,1.6,0.6,1.5,0.7,5.324665,40.294886,4.4332,89.425197,27.47299,99.556238,35.997104
0.25,0.3,0.75,Vertical,SE,135,0.25,0.5,1.6,0.8,1.5,0.7,5.622218,32.27714,3.7574,80.98429,26.326587,95.397233,30.569037
0.25,0.45,0.75,Vertical,SE,135,0.25,0.5,1.6,0.4,1.5,0.7,4.705991,49.065414,6.36185,99.412339,28.384925,97.946532,40.91339
0.25,0.45,0.75,Vertical,SE,135,0.25,0.5,1.6,0.6,1.5,0.7,4.982476,40.9127,4.68905,89.772616,27.168232,95.457246,35.815737
0.25,0.45,0.75,Vertical,SE,135,0.25,0.5,1.6,0.8,1.5,0.7,5.10846,32.910704,4.08415,81.095121,25.743327,89.009306,30.347297
0.25,0.15,0.75,Vertical,SE,135,0.4,0.7,1,0.4,1.5,0.7,6.593382,41.485311,4.93575,93.311246,29.144671,116.830974,38.887355
0.25,0.15,0.75,Vertical,SE,135,0.4,0.7,1,0.6,1.5,0.7,8.063258,30.761681,3.59265,83.3664,29.609557,127.030889,32.508754
0.25,0.15,0.75,Vertical,SE,135,0.4,0.7,1,0.8,1.5,0.7,9.944702,21.402163,3.2828,76.338112,30.591472,134.994568,25.843016
0.25,0.3,0.75,Vertical,SE,135,0.4,0.7,1,0.4,1.5,0.7,6.161322,42.11597,5.9539,94.303319,28.49709,114.020331,38.693237
0.25,0.3,0.75,Vertical,SE,135,0.4,0.7,1,0.6,1.5,0.7,7.332884,31.642324,3.93105,83.363366,28.434476,117.845028,32.346269
0.25,0.3,0.75,Vertical,SE,135,0.4,0.7,1,0.8,1.5,0.7,8.782184,22.249038,3.47735,75.536755,28.666228,122.984802,25.644849
0.25,0.45,0.75,Vertical,SE,135,0.4,0.7,1,0.4,1.5,0.7,5.732508,42.930936,5.93295,94.407002,28.074228,109.223177,38.53796
0.25,0.45,0.75,Vertical,SE,135,0.4,0.7,1,0.6,1.5,0.7,6.712583,32.365581,4.0075,83.175905,27.535745,111.673548,32.202949
0.25,0.45,0.75,Vertical,SE,135,0.4,0.7,1,0.8,1.5,0.7,7.842209,22.962718,3.53175,74.820447,27.204094,113.379408,25.47612
0.25,0.15,0.75,Vertical,SE,135,0.32,0.6,1,0.4,1.5,0.7,6.273775,42.035016,6.02395,94.373122,28.737776,111.432278,38.887355
0.25,0.15,0.75,Vertical,SE,135,0.32,0.6,1,0.6,1.5,0.7,7.372308,31.631109,3.8413,83.312765,28.676257,117.390088,32.508754
0.25,0.15,0.75,Vertical,SE,135,0.32,0.6,1,0.8,1.5,0.7,8.892124,22.082208,3.68485,75.723406,29.173777,122.494608,25.843016
0.25,0.3,0.75,Vertical,SE,135,0.32,0.6,1,0.4,1.5,0.7,5.815847,42.838965,6.26385,94.678281,28.228511,106.102685,38.693237
0.25,0.3,0.75,Vertical,SE,135,0.32,0.6,1,0.6,1.5,0.7,6.738495,32.448407,4.1886,83.469075,27.687142,110.672636,32.346269
0.25,0.3,0.75,Vertical,SE,135,0.32,0.6,1,0.8,1.5,0.7,7.878192,23.152448,3.5429,75.093645,27.45561,113.323663,25.644849
0.25,0.45,0.75,Vertical,SE,135,0.32,0.6,1,0.4,1.5,0.7,5.461913,43.60352,6.18505,94.878029,27.909692,105.313555,38.53796
0.25,0.45,0.75,Vertical,SE,135,0.32,0.6,1,0.6,1.5,0.7,6.192018,33.189437,4.15925,83.309349,26.95682,105.704774,32.202949
0.25,0.45,0.75,Vertical,SE,135,0.32,0.6,1,0.8,1.5,0.7,7.08831,23.628852,3.7365,74.49042,26.031671,105.145793,25.47612
0.25,0.15,0.75,Vertical,SE,135,0.25,0.5,1,0.4,1.5,0.7,5.596608,43.377089,6.0901,94.640804,28.154827,102.315802,38.887355
0.25,0.15,0.75,Vertical,SE,135,0.25,0.5,1,0.6,1.5,0.7,6.2582,33.376376,3.9855,83.387162,27.179146,106.008227,32.508754
0.25,0.15,0.75,Vertical,SE,135,0.25,0.5,1,0.8,1.5,0.7,7.167367,23.723762,3.66825,74.573059,26.452198,103.644486,25.843016
0.25,0.3,0.75,Vertical,SE,135,0.25,0.5,1,0.4,1.5,0.7,5.22992,44.167038,6.1037,94.954878,27.860091,101.837335,38.693237
0.25,0.3,0.75,Vertical,SE,135,0.25,0.5,1,0.6,1.5,0.7,5.792758,34.065668,4.4332,83.782773,26.5716,100.020953,32.346269
0.25,0.3,0.75,Vertical,SE,135,0.25,0.5,1,0.8,1.5,0.7,6.417056,24.402297,3.7574,74.126155,25.222962,96.144636,25.644849
0.25,0.45,0.75,Vertical,SE,135,0.25,0.5,1,0.4,1.5,0.7,4.931364,44.775776,6.36185,95.343972,27.667341,98.030499,38.53796
0.25,0.45,0.75,Vertical,SE,135,0.25,0.5,1,0.6,1.5,0.7,5.422677,34.680804,4.68905,84.057832,26.135419,95.821717,32.202949
0.25,0.45,0.75,Vertical,SE,135,0.25,0.5,1,0.8,1.5,0.7,5.854866,24.925506,4.08415,74.05755,24.341854,89.638944,25.47612
0.6,0.15,0.75,Vertical,SE,135,0.4,0.7,1.6,0.4,1.5,0.7,6.086837,25.955497,4.93575,76.24076,24.89729,89.499603,26.811275
0.6,0.15,0.75,Vertical,SE,135,0.4,0.7,1.6,0.6,1.5,0.7,7.482341,23.972596,3.59265,75.271141,26.98655,108.320015,26.422289
0.6,0.15,0.75,Vertical,SE,135,0.4,0.7,1.6,0.8,1.5,0.7,8.971818,22.405067,3.2828,75.780246,29.296012,124.411964,25.913641
0.6,0.3,0.75,Vertical,SE,135,0.4,0.7,1.6,0.4,1.5,0.7,5.735602,26.438212,5.9539,77.276037,24.297678,87.204311,26.655387
0.6,0.3,0.75,Vertical,SE,135,0.4,0.7,1.6,0.6,1.5,0.7,6.769367,24.686658,3.93105,75.145766,25.802978,99.231081,26.24326
0.6,0.3,0.75,Vertical,SE,135,0.4,0.7,1.6,0.8,1.5,0.7,7.905398,23.239051,3.47735,75.093681,27.536968,112.77271,25.68004
0.6,0.45,0.75,Vertical,SE,135,0.4,0.7,1.6,0.4,1.5,0.7,5.318982,27.068261,5.93295,77.198752,23.8751,82.610684,26.532233
0.6,0.45,0.75,Vertical,SE,135,0.4,0.7,1.6,0.6,1.5,0.7,6.168506,25.272188,4.0075,74.854016,24.921457,93.132002,26.095873
0.6,0.45,0.75,Vertical,SE,135,0.4,0.7,1.6,0.8,1.5,0.7,7.057301,23.910684,3.53175,74.486097,26.207392,103.445149,25.488997
0.6,0.15,0.75,Vertical,SE,135,0.32,0.6,1.6,0.4,1.5,0.7,5.343029,26.999378,6.02395,77.170767,24.086567,79.329583,26.811275
0.6,0.15,0.75,Vertical,SE,135,0.32,0.6,1.6,0.6,1.5,0.7,6.202286,25.337359,3.8413,74.75151,25.188505,92.062358,26.422289
0.6,0.15,0.75,Vertical,SE,135,0.32,0.6,1.6,0.8,1.5,0.7,7.209327,23.751324,3.68485,74.659222,26.696782,103.682781,25.913641
0.6,0.3,0.75,Vertical,SE,135,0.32,0.6,1.6,0.4,1.5,0.7,4.981001,27.528962,6.26385,77.314635,23.730909,74.830208,26.655387
0.6,0.3,0.75,Vertical,SE,135,0.32,0.6,1.6,0.6,1.5,0.7,5.683917,25.93925,4.1886,74.865264,24.44562,85.73105,26.24326
0.6,0.3,0.75,Vertical,SE,135,0.32,0.6,1.6,0.8,1.5,0.7,6.415655,24.727624,3.5429,74.227603,25.444969,95.135626,25.68004
0.6,0.45,0.75,Vertical,SE,135,0.32,0.6,1.6,0.4,1.5,0.7,4.714161,28.096657,6.18505,77.436934,23.527294,74.571847,26.532233
0.6,0.45,0.75,Vertical,SE,135,0.32,0.6,1.6,0.6,1.5,0.7,5.214969,26.554687,4.15925,74.700369,23.933624,81.317638,26.095873
0.6,0.45,0.75,Vertical,SE,135,0.32,0.6,1.6,0.8,1.5,0.7,5.790499,25.15396,3.7365,73.835202,24.499703,87.688589,25.488997
0.6,0.15,0.75,Vertical,SE,135,0.25,0.5,1.6,0.4,1.5,0.7,4.931136,27.811714,6.0901,77.350308,23.879429,74.320372,26.811275
0.6,0.15,0.75,Vertical,SE,135,0.25,0.5,1.6,0.6,1.5,0.7,5.588515,26.440534,3.9855,75.055767,24.545456,86.982421,26.422289
0.6,0.15,0.75,Vertical,SE,135,0.25,0.5,1.6,0.8,1.5,0.7,6.30671,24.94026,3.66825,74.36498,25.510628,93.788546,25.913641
0.6,0.3,0.75,Vertical,SE,135,0.25,0.5,1.6,0.4,1.5,0.7,4.633726,28.418331,6.1037,77.589196,23.676537,74.385648,26.655387
0.6,0.3,0.75,Vertical,SE,135,0.25,0.5,1.6,0.6,1.5,0.7,5.147533,27.050426,4.4332,75.392565,24.036991,81.030205,26.24326
0.6,0.3,0.75,Vertical,SE,135,0.25,0.5,1.6,0.8,1.5,0.7,5.655088,25.687943,3.7574,74.173833,24.569543,86.621152,25.68004
0.6,0.45,0.75,Vertical,SE,135,0.25,0.5,1.6,0.4,1.5,0.7,4.373336,28.867988,6.36185,77.841076,23.548677,70.9351,26.532233
0.6,0.45,0.75,Vertical,SE,135,0.25,0.5,1.6,0.6,1.5,0.7,4.816565,27.58995,4.68905,75.645577,23.699108,77.001611,26.095873
0.6,0.45,0.75,Vertical,SE,135,0.25,0.5,1.6,0.8,1.5,0.7,5.134681,26.253235,4.08415,74.193765,23.92703,80.406073,25.488997
0.6,0.15,0.75,Vertical,SE,135,0.4,0.7,1,0.4,1.5,0.7,6.566531,22.144942,4.93575,73.075561,24.373165,90.367096,24.223059
0.6,0.15,0.75,Vertical,SE,135,0.4,0.7,1,0.6,1.5,0.7,8.353236,18.642736,3.59265,71.096181,26.716511,110.00316,22.55467
0.6,0.15,0.75,Vertical,SE,135,0.4,0.7,1,0.8,1.5,0.7,10.315664,15.713355,3.2828,70.940608,29.358369,127.154511,20.802437
0.6,0.3,0.75,Vertical,SE,135,0.4,0.7,1,0.4,1.5,0.7,6.182985,22.60423,5.9539,73.991301,23.632891,87.966965,24.09911
0.6,0.3,0.75,Vertical,SE,135,0.4,0.7,1,0.6,1.5,0.7,7.580448,19.286101,3.93105,70.810772,25.320965,100.662063,22.425001
0.6,0.3,0.75,Vertical,SE,135,0.4,0.7,1,0.8,1.5,0.7,9.132971,16.414654,3.47735,69.942264,27.303266,115.14474,20.635853
0.6,0.45,0.75,Vertical,SE,135,0.4,0.7,1,0.4,1.5,0.7,5.757014,23.129972,5.93295,73.817756,23.061684,83.243818,24.000854
0.6,0.45,0.75,Vertical,SE,135,0.4,0.7,1,0.6,1.5,0.7,6.928932,19.835266,4.0075,70.446678,24.212036,94.4266,22.316387
0.6,0.45,0.75,Vertical,SE,135,0.4,0.7,1,0.8,1.5,0.7,8.182742,17.019889,3.53175,69.077742,25.705268,105.588065,20.498435
0.6,0.15,0.75,Vertical,SE,135,0.32,0.6,1,0.4,1.5,0.7,6.145289,22.628814,6.02395,73.942197,23.756678,84.301876,24.223059
0.6,0.15,0.75,Vertical,SE,135,0.32,0.6,1,0.6,1.5,0.7,7.539753,19.346918,3.8413,70.712371,25.450801,99.713845,22.55467
0.6,0.15,0.75,Vertical,SE,135,0.32,0.6,1,0.8,1.5,0.7,9.164114,16.329045,3.68485,70.057547,27.679541,114.170077,20.802437
0.6,0.3,0.75,Vertical,SE,135,0.32,0.6,1,0.4,1.5,0.7,5.69492,23.138731,6.26385,73.969208,23.141481,79.429666,24.09911
0.6,0.3,0.75,Vertical,SE,135,0.32,0.6,1,0.6,1.5,0.7,6.879377,19.953682,4.1886,70.652005,24.250728,92.903851,22.425001
0.6,0.3,0.75,Vertical,SE,135,0.32,0.6,1,0.8,1.5,0.7,8.15315,17.221794,3.5429,69.242923,25.84959,105.066851,20.635853
0.6,0.45,0.75,Vertical,SE,135,0.32,0.6,1,0.4,1.5,0.7,5.380488,23.699964,6.18505,74.015667,22.763843,78.771019,24.000854
0.6,0.45,0.75,Vertical,SE,135,0.32,0.6,1,0.6,1.5,0.7,6.297029,20.495189,4.15925,70.25004,23.359832,87.847149,22.316387
0.6,0.45,0.75,Vertical,SE,135,0.32,0.6,1,0.8,1.5,0.7,7.364937,17.617671,3.7365,68.579187,24.272575,96.903012,20.498435
0.6,0.15,0.75,Vertical,SE,135,0.25,0.5,1,0.4,1.5,0.7,5.322212,23.70995,6.0901,73.75131,22.916159,74.410097,24.223059
0.6,0.15,0.75,Vertical,SE,135,0.25,0.5,1,0.6,1.5,0.7,6.270711,20.703298,3.9855,70.220985,23.504335,87.481228,22.55467
0.6,0.15,0.75,Vertical,SE,135,0.25,0.5,1,0.8,1.5,0.7,7.341953,17.782626,3.66825,68.577068,24.57298,94.712302,20.802437
0.6,0.3,0.75,Vertical,SE,135,0.25,0.5,1,0.4,1.5,0.7,5.008522,24.263308,6.1037,73.896781,22.623602,74.451529,24.09911
0.6,0.3,0.75,Vertical,SE,135,0.25,0.5,1,0.6,1.5,0.7,5.785718,21.224198,4.4332,70.361895,22.772927,81.480989,22.425001
0.6,0.3,0.75,Vertical,SE,135,0.25,0.5,1,0.8,1.5,0.7,6.621166,18.362093,3.7574,68.13684,23.22833,87.362495,20.635853
0.6,0.45,0.75,Vertical,SE,135,0.25,0.5,1,0.4,1.5,0.7,4.736013,24.696031,6.36185,74.138925,22.404814,70.933971,24.000854
0.6,0.45,0.75,Vertical,SE,135,0.25,0.5,1,0.6,1.5,0.7,5.423637,21.685172,4.68905,70.519827,22.250175,77.266652,22.316387
0.6,0.45,0.75,Vertical,SE,135,0.25,0.5,1,0.8,1.5,0.7,6.039905,18.801479,4.08415,67.965081,22.244357,81.00824,20.498435
0.25,0.15,0.75,Vertical,SE,135,0.4,0.7,1.6,0.4,3,0.7,6.181542,45.709921,4.7324,96.809913,29.523743,117.899929,41.025938
0.25,0.15,0.75,Vertical,SE,135,0.4,0.7,1.6,0.6,3,0.7,7.283458,36.618475,3.7527,88.272617,29.808622,123.441241,35.94935
0.25,0.15,0.75,Vertical,SE,135,0.4,0.7,1.6,0.8,3,0.7,8.48149,28.286144,3.6717,81.577406,30.212579,128.793094,30.590046
0.25,0.3,0.75,Vertical,SE,135,0.4,0.7,1.6,0.4,3,0.7,5.592136,46.758668,4.97965,97.117597,28.986955,108.372199,40.677814
0.25,0.3,0.75,Vertical,SE,135,0.4,0.7,1.6,0.6,3,0.7,6.655505,37.616984,4.0543,88.59287,28.919358,117.615361,35.650755
0.25,0.3,0.75,Vertical,SE,135,0.4,0.7,1.6,0.8,3,0.7,7.337622,29.448092,3.65195,80.874249,28.390838,117.260422,30.238112
0.25,0.45,0.75,Vertical,SE,135,0.4,0.7,1.6,0.4,3,0.7,5.071342,47.719566,5.10715,97.453636,28.572665,104.884248,40.422258
0.25,0.45,0.75,Vertical,SE,135,0.4,0.7,1.6,0.6,3,0.7,5.993794,38.672751,4.00585,88.549211,28.183274,111.155687,35.421524
0.25,0.45,0.75,Vertical,SE,135,0.4,0.7,1.6,0.8,3,0.7,6.503629,30.29224,3.8759,80.615343,27.049791,108.152563,29.982392
0.25,0.15,0.75,Vertical,SE,135,0.32,0.6,1.6,0.4,3,0.7,5.558525,46.995803,5.4245,97.705196,28.974399,105.985866,41.025938
0.25,0.15,0.75,Vertical,SE,135,0.32,0.6,1.6,0.6,3,0.7,6.24301,38.230292,4.07825,88.522283,28.433521,111.619833,35.94935
0.25,0.15,0.75,Vertical,SE,135,0.32,0.6,1.6,0.8,3,0.7,6.873385,30.216834,3.4888,80.656777,27.884101,109.79255,30.590046
0.25,0.3,0.75,Vertical,SE,135,0.32,0.6,1.6,0.4,3,0.7,5.060654,47.849496,5.5774,97.889051,28.644009,100.096243,40.677814
0.25,0.3,0.75,Vertical,SE,135,0.32,0.6,1.6,0.6,3,0.7,5.674234,39.267761,4.008,88.569127,27.860533,105.292353,35.650755
0.25,0.3,0.75,Vertical,SE,135,0.32,0.6,1.6,0.8,3,0.7,5.989869,31.190995,3.7554,80.500297,26.627641,100.081271,30.238112
0.25,0.45,0.75,Vertical,SE,135,0.32,0.6,1.6,0.4,3,0.7,4.627741,48.840925,5.73205,98.443821,28.409622,98.003648,40.422258
0.25,0.45,0.75,Vertical,SE,135,0.32,0.6,1.6,0.6,3,0.7,5.194017,40.184496,4.4579,89.170886,27.424488,99.014746,35.421524
0.25,0.45,0.75,Vertical,SE,135,0.32,0.6,1.6,0.8,3,0.7,5.346749,32.200643,3.8674,80.560602,25.833326,92.317214,29.982392
0.25,0.15,0.75,Vertical,SE,135,0.25,0.5,1.6,0.4,3,0.7,5.188491,47.777053,5.6349,98.07899,28.816946,100.877432,41.025938
0.25,0.15,0.75,Vertical,SE,135,0.25,0.5,1.6,0.6,3,0.7,5.628663,39.472307,4.1785,88.800662,27.960099,101.768291,35.94935
0.25,0.15,0.75,Vertical,SE,135,0.25,0.5,1.6,0.8,3,0.7,6.07792,31.467375,3.8555,81.003619,26.951639,100.439608,30.590046
0.25,0.3,0.75,Vertical,SE,135,0.25,0.5,1.6,0.4,3,0.7,4.772652,48.703355,5.80405,98.508511,28.609021,96.208786,40.677814
0.25,0.3,0.75,Vertical,SE,135,0.25,0.5,1.6,0.6,3,0.7,5.25307,40.29044,4.77005,89.650179,27.530296,99.546814,35.650755
0.25,0.3,0.75,Vertical,SE,135,0.25,0.5,1.6,0.8,3,0.7,5.314955,32.632701,3.86005,80.928423,26.031496,91.994244,30.238112
0.25,0.45,0.75,Vertical,SE,135,0.25,0.5,1.6,0.4,3,0.7,4.417512,49.604112,6.1949,99.285716,28.461043,94.778415,40.422258
0.25,0.45,0.75,Vertical,SE,135,0.25,0.5,1.6,0.6,3,0.7,4.807901,41.161595,4.93695,90.000692,27.244473,94.139544,35.421524
0.25,0.45,0.75,Vertical,SE,135,0.25,0.5,1.6,0.8,3,0.7,4.726229,33.415741,4.0795,81.019422,25.53397,87.155736,29.982392
0.25,0.15,0.75,Vertical,SE,135,0.4,0.7,1,0.4,3,0.7,6.495218,41.622731,4.7324,93.104795,29.129464,118.774157,38.674134
0.25,0.15,0.75,Vertical,SE,135,0.4,0.7,1,0.6,3,0.7,7.942903,30.807185,3.7527,83.371439,29.591191,125.088585,32.331123
0.25,0.15,0.75,Vertical,SE,135,0.4,0.7,1,0.8,3,0.7,9.626465,21.338889,3.6717,76.13721,30.258687,131.454545,25.65146
0.25,0.3,0.75,Vertical,SE,135,0.4,0.7,1,0.4,3,0.7,5.876669,42.651231,4.97965,93.357135,28.484944,109.130697,38.357192
0.25,0.3,0.75,Vertical,SE,135,0.4,0.7,1,0.6,3,0.7,7.25233,31.743492,4.0543,83.526975,28.506094,119.039594,32.079238
0.25,0.3,0.75,Vertical,SE,135,0.4,0.7,1,0.8,3,0.7,8.376115,22.324947,3.65195,75.160935,28.131343,119.546375,25.365585
0.25,0.45,0.75,Vertical,SE,135,0.4,0.7,1,0.4,3,0.7,5.319483,43.60506,5.10715,93.621822,27.959151,105.501256,38.127562
0.25,0.45,0.75,Vertical,SE,135,0.4,0.7,1,0.6,3,0.7,6.532908,32.70317,4.00585,83.276539,27.570901,112.468393,31.884501
0.25,0.45,0.75,Vertical,SE,135,0.4,0.7,1,0.8,3,0.7,7.445332,23.012501,3.8759,74.603151,26.432227,110.036166,25.163506
0.25,0.15,0.75,Vertical,SE,135,0.32,0.6,1,0.4,3,0.7,6.155783,42.320755,5.4245,93.911168,28.774438,111.037792,38.674134
0.25,0.15,0.75,Vertical,SE,135,0.32,0.6,1,0.6,3,0.7,7.31963,31.640376,4.07825,83.521197,28.671714,118.972408,32.331123
0.25,0.15,0.75,Vertical,SE,135,0.32,0.6,1,0.8,3,0.7,8.614983,22.284697,3.4888,75.301519,28.745271,120.294888,25.65146
0.25,0.3,0.75,Vertical,SE,135,0.32,0.6,1,0.4,3,0.7,5.570657,43.263058,5.5774,94.031475,28.245229,104.548665,38.357192
0.25,0.3,0.75,Vertical,SE,135,0.32,0.6,1,0.6,3,0.7,6.601675,32.706457,4.008,83.379495,27.736568,112.420114,32.079238
0.25,0.3,0.75,Vertical,SE,135,0.32,0.6,1,0.8,3,0.7,7.513989,23.136916,3.7554,74.712061,26.803781,109.989253,25.365585
0.25,0.45,0.75,Vertical,SE,135,0.32,0.6,1,0.4,3,0.7,5.087643,44.279584,5.73205,94.544053,27.848508,102.099353,38.127562
0.25,0.45,0.75,Vertical,SE,135,0.32,0.6,1,0.6,3,0.7,6.031889,33.627166,4.4579,83.8284,26.973291,105.583433,31.884501
0.25,0.45,0.75,Vertical,SE,135,0.32,0.6,1,0.8,3,0.7,6.672853,24.011827,3.8674,74.34052,25.373132,101.304359,25.163506
0.25,0.15,0.75,Vertical,SE,135,0.25,0.5,1,0.4,3,0.7,5.439154,43.585043,5.6349,94.154338,28.196791,101.083955,38.674134
0.25,0.15,0.75,Vertical,SE,135,0.25,0.5,1,0.6,3,0.7,6.116529,33.35352,4.1785,83.313175,27.179707,102.26295,32.331123
0.25,0.15,0.75,Vertical,SE,135,0.25,0.5,1,0.8,3,0.7,6.936297,23.792881,3.8555,74.449641,26.079575,101.357784,25.65146
0.25,0.3,0.75,Vertical,SE,135,0.25,0.5,1,0.4,3,0.7,5.002771,44.503464,5.80405,94.561426,27.911465,96.355919,38.357192
0.25,0.3,0.75,Vertical,SE,135,0.25,0.5,1,0.6,3,0.7,5.703139,34.154042,4.77005,84.074497,26.579179,99.949768,32.079238
0.25,0.3,0.75,Vertical,SE,135,0.25,0.5,1,0.8,3,0.7,6.087955,24.740332,3.86005,74.039101,24.752369,92.706139,25.365585
0.25,0.45,0.75,Vertical,SE,135,0.25,0.5,1,0.4,3,0.7,4.641177,45.393634,6.1949,95.345945,27.69747,94.893887,38.127562
0.25,0.45,0.75,Vertical,SE,135,0.25,0.5,1,0.6,3,0.7,5.231653,34.998603,4.93695,84.325089,26.12705,94.422503,31.884501
0.25,0.45,0.75,Vertical,SE,135,0.25,0.5,1,0.8,3,0.7,5.447264,25.384709,4.0795,73.938784,23.910125,87.70163,25.163506
0.6,0.15,0.75,Vertical,SE,135,0.4,0.7,1.6,0.4,3,0.7,6.033162,25.972276,4.7324,76.059821,24.90533,91.719812,26.610053
0.6,0.15,0.75,Vertical,SE,135,0.4,0.7,1.6,0.6,3,0.7,7.44159,23.947852,3.7527,75.333499,27.090401,107.401659,26.24675
0.6,0.15,0.75,Vertical,SE,135,0.4,0.7,1.6,0.8,3,0.7,8.793875,22.254913,3.6717,75.719217,29.187364,122.116777,25.766809
0.6,0.3,0.75,Vertical,SE,135,0.4,0.7,1.6,0.4,3,0.7,5.475284,26.721309,4.97965,76.102518,24.287726,82.598066,26.396924
0.6,0.3,0.75,Vertical,SE,135,0.4,0.7,1.6,0.6,3,0.7,6.82545,24.672318,4.0543,75.395926,26.13489,102.521658,26.029695
0.6,0.3,0.75,Vertical,SE,135,0.4,0.7,1.6,0.8,3,0.7,7.715702,23.173812,3.65195,74.925416,27.371274,111.307422,25.492822
0.6,0.45,0.75,Vertical,SE,135,0.4,0.7,1.6,0.4,3,0.7,5.001542,27.39158,5.10715,76.184008,23.809799,80.125737,26.235355
0.6,0.45,0.75,Vertical,SE,135,0.4,0.7,1.6,0.6,3,0.7,6.21419,25.416791,4.00585,75.134468,25.3191,96.866289,25.865723
0.6,0.45,0.75,Vertical,SE,135,0.4,0.7,1.6,0.8,3,0.7,6.858794,23.803971,3.8759,74.399774,25.8676,102.245174,25.284589
0.6,0.15,0.75,Vertical,SE,135,0.32,0.6,1.6,0.4,3,0.7,5.270952,27.129022,5.4245,76.594857,24.13205,78.880278,26.610053
0.6,0.15,0.75,Vertical,SE,135,0.32,0.6,1.6,0.6,3,0.7,6.222111,25.2496,4.07825,74.982336,25.294221,94.773842,26.24675
0.6,0.15,0.75,Vertical,SE,135,0.32,0.6,1.6,0.8,3,0.7,7.081591,23.886837,3.4888,74.405763,26.525068,102.53835,25.766809
0.6,0.3,0.75,Vertical,SE,135,0.32,0.6,1.6,0.4,3,0.7,4.807287,27.704221,5.5774,76.532337,23.78907,73.547609,26.396924
0.6,0.3,0.75,Vertical,SE,135,0.32,0.6,1.6,0.6,3,0.7,5.691994,26.069204,4.008,74.902146,24.716796,89.426327,26.029695
0.6,0.3,0.75,Vertical,SE,135,0.32,0.6,1.6,0.8,3,0.7,6.265892,24.558897,3.7554,74.026246,25.218112,93.574287,25.492822
0.6,0.45,0.75,Vertical,SE,135,0.32,0.6,1.6,0.4,3,0.7,4.488385,28.395029,5.73205,76.954826,23.561049,72.637686,26.235355
0.6,0.45,0.75,Vertical,SE,135,0.32,0.6,1.6,0.6,3,0.7,5.273458,26.776809,4.4579,75.379412,24.254551,84.136046,25.865723
0.6,0.45,0.75,Vertical,SE,135,0.32,0.6,1.6,0.8,3,0.7,5.614918,25.38169,3.8674,73.902404,24.309245,85.931273,25.284589
0.6,0.15,0.75,Vertical,SE,135,0.25,0.5,1.6,0.4,3,0.7,4.808833,27.866951,5.6349,76.777133,23.944458,73.220617,26.610053
0.6,0.15,0.75,Vertical,SE,135,0.25,0.5,1.6,0.6,3,0.7,5.51755,26.358509,4.1785,75.021601,24.658829,84.245672,26.24675
0.6,0.15,0.75,Vertical,SE,135,0.25,0.5,1.6,0.8,3,0.7,6.205183,24.919398,3.8555,74.375257,25.375421,92.691865,25.766809
0.6,0.3,0.75,Vertical,SE,135,0.25,0.5,1.6,0.4,3,0.7,4.451352,28.507269,5.80405,76.999948,23.739842,69.161383,26.396924
0.6,0.3,0.75,Vertical,SE,135,0.25,0.5,1.6,0.6,3,0.7,5.187864,27.017376,4.77005,75.787071,24.24448,82.976269,26.029695
0.6,0.3,0.75,Vertical,SE,135,0.25,0.5,1.6,0.8,3,0.7,5.501577,25.845326,3.86005,74.170736,24.433775,85.011867,25.492822
0.6,0.45,0.75,Vertical,SE,135,0.25,0.5,1.6,0.4,3,0.7,4.214176,29.088236,6.1949,77.660932,23.642889,69.008605,26.235355
0.6,0.45,0.75,Vertical,SE,135,0.25,0.5,1.6,0.6,3,0.7,4.787455,27.676562,4.93695,75.923699,23.941784,78.552422,25.865723
0.6,0.45,0.75,Vertical,SE,135,0.25,0.5,1.6,0.8,3,0.7,4.938874,26.4792,4.0795,74.16809,23.830136,80.478448,25.284589
0.6,0.15,0.75,Vertical,SE,135,0.4,0.7,1,0.4,3,0.7,6.509452,22.237776,4.7324,72.953619,24.357566,92.646932,24.095519
0.6,0.15,0.75,Vertical,SE,135,0.4,0.7,1,0.6,3,0.7,8.284004,18.690622,3.7527,71.161233,26.815314,109.195519,22.456874
0.6,0.15,0.75,Vertical,SE,135,0.4,0.7,1,0.8,3,0.7,10.110853,15.648567,3.6717,70.897513,29.200925,124.877331,20.707437
0.6,0.3,0.75,Vertical,SE,135,0.4,0.7,1,0.4,3,0.7,5.906735,22.889548,4.97965,72.807319,23.569707,83.367259,23.914762
0.6,0.3,0.75,Vertical,SE,135,0.4,0.7,1,0.6,3,0.7,7.643799,19.337595,4.0543,71.134669,25.658492,104.1453,22.287702
0.6,0.3,0.75,Vertical,SE,135,0.4,0.7,1,0.8,3,0.7,8.926898,16.42176,3.65195,69.794876,27.081726,113.699404,20.500614
0.6,0.45,0.75,Vertical,SE,135,0.4,0.7,1,0.4,3,0.7,5.418992,23.518368,5.10715,72.865919,22.939937,80.762414,23.78003
0.6,0.45,0.75,Vertical,SE,135,0.4,0.7,1,0.6,3,0.7,6.981685,20.007554,4.00585,70.773689,24.613859,98.265477,22.15909
0.6,0.45,0.75,Vertical,SE,135,0.4,0.7,1,0.8,3,0.7,7.975055,16.948087,3.8759,69.034706,25.230762,104.363536,20.346788
0.6,0.15,0.75,Vertical,SE,135,0.32,0.6,1,0.4,3,0.7,6.056059,22.820728,5.4245,73.410023,23.76052,84.250593,24.095519
0.6,0.15,0.75,Vertical,SE,135,0.32,0.6,1,0.6,3,0.7,7.55306,19.357374,4.07825,71.030833,25.565588,102.36182,22.456874
0.6,0.15,0.75,Vertical,SE,135,0.32,0.6,1,0.8,3,0.7,9.01146,16.455218,3.4888,69.759415,27.431235,113.084159,20.707437
0.6,0.3,0.75,Vertical,SE,135,0.32,0.6,1,0.4,3,0.7,5.505324,23.391381,5.5774,73.263945,23.148865,78.069868,23.914762
0.6,0.3,0.75,Vertical,SE,135,0.32,0.6,1,0.6,3,0.7,6.886494,20.118937,4.008,70.72285,24.567733,96.596167,22.287702
0.6,0.3,0.75,Vertical,SE,135,0.32,0.6,1,0.8,3,0.7,7.977043,17.120705,3.7554,69.073367,25.477775,103.492107,20.500614
0.6,0.45,0.75,Vertical,SE,135,0.32,0.6,1,0.4,3,0.7,5.133532,24.081469,5.73205,73.587979,22.697954,76.714185,23.78003
0.6,0.45,0.75,Vertical,SE,135,0.32,0.6,1,0.6,3,0.7,6.349424,20.759706,4.4579,70.92265,23.706445,90.745102,22.15909
0.6,0.45,0.75,Vertical,SE,135,0.32,0.6,1,0.8,3,0.7,7.138505,17.804825,3.8674,68.547672,23.907839,95.040385,20.346788
0.6,0.15,0.75,Vertical,SE,135,0.25,0.5,1,0.4,3,0.7,5.210563,23.854211,5.6349,73.303011,22.961876,73.42183,24.095519
0.6,0.15,0.75,Vertical,SE,135,0.25,0.5,1,0.6,3,0.7,6.171836,20.699239,4.1785,70.20043,23.59159,84.7383,22.456874
0.6,0.15,0.75,Vertical,SE,135,0.25,0.5,1,0.8,3,0.7,7.23422,17.791124,3.8555,68.600262,24.360528,93.607982,20.707437
0.6,0.3,0.75,Vertical,SE,135,0.25,0.5,1,0.4,3,0.7,4.819051,24.445823,5.80405,73.421711,22.643363,69.242291,23.914762
0.6,0.3,0.75,Vertical,SE,135,0.25,0.5,1,0.6,3,0.7,5.83471,21.288367,4.77005,70.890985,22.973243,83.375672,22.287702
0.6,0.3,0.75,Vertical,SE,135,0.25,0.5,1,0.8,3,0.7,6.444558,18.504845,3.86005,68.112832,22.997138,85.742419,20.500614
0.6,0.45,0.75,Vertical,SE,135,0.25,0.5,1,0.4,3,0.7,4.567257,24.988107,6.1949,74.00864,22.444689,69.043731,23.78003
0.6,0.45,0.75,Vertical,SE,135,0.25,0.5,1,0.6,3,0.7,5.403255,21.8669,4.93695,70.963113,22.469988,78.860885,22.15909
0.6,0.45,0.75,Vertical,SE,135,0.25,0.5,1,0.8,3,0.7,5.837363,19.008675,4.0795,67.895721,22.011817,81.043651,20.346788
0.25,0.15,0.75,Vertical,SE,135,0.4,0.7,1.6,0.4,1.5,1,6.198075,45.870999,4.19445,96.415934,29.535159,116.066913,41.31962
0.25,0.15,0.75,Vertical,SE,135,0.4,0.7,1.6,0.6,1.5,1,7.395077,36.913495,3.52735,88.503785,29.765693,124.304873,36.211018
0.25,0.15,0.75,Vertical,SE,135,0.4,0.7,1.6,0.8,1.5,1,8.778305,28.396197,3.2828,81.801666,30.488255,132.352213,30.833492
0.25,0.3,0.75,Vertical,SE,135,0.4,0.7,1.6,0.4,1.5,1,5.681495,46.912634,4.01125,96.482084,29.015798,112.202574,41.089202
0.25,0.3,0.75,Vertical,SE,135,0.4,0.7,1.6,0.6,1.5,1,6.658354,37.876049,3.68345,88.430706,28.821322,116.431653,35.995232
0.25,0.3,0.75,Vertical,SE,135,0.4,0.7,1.6,0.8,1.5,1,7.720504,29.398501,3.47735,81.265099,28.838537,120.70953,30.569037
0.25,0.45,0.75,Vertical,SE,135,0.4,0.7,1.6,0.4,1.5,1,5.306914,47.587008,4.45975,97.02197,28.659744,107.182995,40.899812
0.25,0.45,0.75,Vertical,SE,135,0.4,0.7,1.6,0.6,1.5,1,6.117503,38.66114,3.6493,88.298647,28.127848,110.215707,35.804575
0.25,0.45,0.75,Vertical,SE,135,0.4,0.7,1.6,0.8,1.5,1,6.879231,30.210508,3.53175,80.767498,27.622478,111.327693,30.347297
0.25,0.15,0.75,Vertical,SE,135,0.32,0.6,1.6,0.4,1.5,1,5.516917,47.400127,4.11975,96.74487,28.9678,106.711527,41.31962
0.25,0.15,0.75,Vertical,SE,135,0.32,0.6,1.6,0.6,1.5,1,6.271135,38.743696,3.5246,88.452916,28.445455,110.14646,36.211018
0.25,0.15,0.75,Vertical,SE,135,0.32,0.6,1.6,0.8,1.5,1,7.119314,29.983994,3.68485,81.010259,28.205595,112.199801,30.833492
0.25,0.3,0.75,Vertical,SE,135,0.32,0.6,1.6,0.4,1.5,1,5.164225,48.059761,4.6236,97.423071,28.637234,104.746027,41.089202
0.25,0.3,0.75,Vertical,SE,135,0.32,0.6,1.6,0.6,1.5,1,5.720679,39.565347,3.4682,88.396067,27.788133,104.927018,35.995232
0.25,0.3,0.75,Vertical,SE,135,0.32,0.6,1.6,0.8,1.5,1,6.328038,31.179767,3.5429,80.795834,27.05095,103.644239,30.569037
0.25,0.45,0.75,Vertical,SE,135,0.32,0.6,1.6,0.4,1.5,1,4.825121,48.598263,5.15025,97.894355,28.411368,99.338698,40.899812
0.25,0.45,0.75,Vertical,SE,135,0.32,0.6,1.6,0.6,1.5,1,5.288747,40.057783,3.7823,88.488711,27.365846,98.747787,35.804575
0.25,0.45,0.75,Vertical,SE,135,0.32,0.6,1.6,0.8,1.5,1,5.695954,31.741495,3.7365,80.54315,26.197796,96.016187,30.347297
0.25,0.15,0.75,Vertical,SE,135,0.25,0.5,1.6,0.4,1.5,1,5.315315,48.05574,5.02245,98.005852,28.786918,105.606702,41.31962
0.25,0.15,0.75,Vertical,SE,135,0.25,0.5,1.6,0.6,1.5,1,5.728688,39.68667,3.79085,88.806348,27.937453,103.14207,36.211018
0.25,0.15,0.75,Vertical,SE,135,0.25,0.5,1.6,0.8,1.5,1,6.294976,31.391357,3.66825,81.047313,27.198705,102.722592,30.833492
0.25,0.3,0.75,Vertical,SE,135,0.25,0.5,1.6,0.4,1.5,1,4.904776,48.747729,5.40315,98.385082,28.544921,97.816753,41.089202
0.25,0.3,0.75,Vertical,SE,135,0.25,0.5,1.6,0.6,1.5,1,5.230446,40.576986,3.85195,88.95852,27.469109,97.616642,35.995232
0.25,0.3,0.75,Vertical,SE,135,0.25,0.5,1.6,0.8,1.5,1,5.622218,32.27714,3.7574,80.98429,26.326587,95.397233,30.569037
0.25,0.45,0.75,Vertical,SE,135,0.25,0.5,1.6,0.4,1.5,1,4.682925,49.311463,5.895,99.142165,28.398029,97.933458,40.899812
0.25,0.45,0.75,Vertical,SE,135,0.25,0.5,1.6,0.6,1.5,1,4.897432,41.179847,4.01475,89.226466,27.195947,94.358674,35.804575
0.25,0.45,0.75,Vertical,SE,135,0.25,0.5,1.6,0.8,1.5,1,5.10846,32.910704,4.08415,81.095121,25.743327,89.009306,30.347297
0.25,0.15,0.75,Vertical,SE,135,0.4,0.7,1,0.4,1.5,1,6.515309,41.686933,4.19445,92.629899,29.164825,116.883682,38.886924
0.25,0.15,0.75,Vertical,SE,135,0.4,0.7,1,0.6,1.5,1,8.053887,31.006055,3.52735,83.498156,29.553923,125.87988,32.508687
0.25,0.15,0.75,Vertical,SE,135,0.4,0.7,1,0.8,1.5,1,9.944702,21.402163,3.2828,76.338112,30.591472,134.994568,25.843016
0.25,0.3,0.75,Vertical,SE,135,0.4,0.7,1,0.4,1.5,1,5.971025,42.691351,4.01125,92.613141,28.54669,112.878369,38.687401
0.25,0.3,0.75,Vertical,SE,135,0.4,0.7,1,0.6,1.5,1,7.255247,31.898262,3.68345,83.277423,28.439345,117.789721,32.34117
0.25,0.3,0.75,Vertical,SE,135,0.4,0.7,1,0.8,1.5,1,8.782184,22.249038,3.47735,75.536755,28.666228,122.984802,25.644849
0.25,0.45,0.75,Vertical,SE,135,0.4,0.7,1,0.4,1.5,1,5.576758,43.376141,4.45975,93.128446,28.113737,107.79475,38.522091
0.25,0.45,0.75,Vertical,SE,135,0.4,0.7,1,0.6,1.5,1,6.664324,32.626105,3.6493,82.999819,27.581372,111.447081,32.188375
0.25,0.45,0.75,Vertical,SE,135,0.4,0.7,1,0.8,1.5,1,7.842209,22.962718,3.53175,74.820447,27.204094,113.379408,25.47612
0.25,0.15,0.75,Vertical,SE,135,0.32,0.6,1,0.4,1.5,1,6.116704,42.567352,4.11975,92.772402,28.795518,111.470082,38.886924
0.25,0.15,0.75,Vertical,SE,135,0.32,0.6,1,0.6,1.5,1,7.35781,32.012735,3.5246,83.343179,28.720158,117.485126,32.508687
0.25,0.15,0.75,Vertical,SE,135,0.32,0.6,1,0.8,1.5,1,8.892124,22.082208,3.68485,75.723406,29.173777,122.494608,25.843016
0.25,0.3,0.75,Vertical,SE,135,0.32,0.6,1,0.4,1.5,1,5.692369,43.324112,4.6236,93.41523,28.289414,109.103723,38.687401
0.25,0.3,0.75,Vertical,SE,135,0.32,0.6,1,0.6,1.5,1,6.676907,32.884588,3.4682,83.141743,27.683107,111.818004,32.34117
0.25,0.3,0.75,Vertical,SE,135,0.32,0.6,1,0.8,1.5,1,7.878192,23.152448,3.5429,75.093645,27.45561,113.323663,25.644849
0.25,0.45,0.75,Vertical,SE,135,0.32,0.6,1,0.4,1.5,1,5.312587,43.939094,5.15025,93.92401,27.939579,103.478591,38.522091
0.25,0.45,0.75,Vertical,SE,135,0.32,0.6,1,0.6,1.5,1,6.15679,33.409494,3.7823,83.115312,26.98805,105.297342,32.188375
0.25,0.45,0.75,Vertical,SE,135,0.32,0.6,1,0.8,1.5,1,7.08831,23.628852,3.7365,74.49042,26.031671,105.145793,25.47612
0.25,0.15,0.75,Vertical,SE,135,0.25,0.5,1,0.4,1.5,1,5.559664,43.743513,5.02245,93.952651,28.185079,105.707394,38.886924
0.25,0.15,0.75,Vertical,SE,135,0.25,0.5,1,0.6,1.5,1,6.221846,33.477209,3.79085,83.209467,27.188031,103.580936,32.508687
0.25,0.15,0.75,Vertical,SE,135,0.25,0.5,1,0.8,1.5,1,7.167367,23.723762,3.66825,74.573059,26.452198,103.644486,25.843016
0.25,0.3,0.75,Vertical,SE,135,0.25,0.5,1,0.4,1.5,1,5.141363,44.442329,5.40315,94.325692,27.877507,97.947701,38.687401
0.25,0.3,0.75,Vertical,SE,135,0.25,0.5,1,0.6,1.5,1,5.687412,34.31496,3.85195,83.256216,26.557094,98.017243,32.34117
0.25,0.3,0.75,Vertical,SE,135,0.25,0.5,1,0.8,1.5,1,6.417056,24.402297,3.7574,74.126155,25.222962,96.144636,25.644849
0.25,0.45,0.75,Vertical,SE,135,0.25,0.5,1,0.4,1.5,1,4.901663,44.991733,5.895,95.038497,27.686021,98.028775,38.522091
0.25,0.45,0.75,Vertical,SE,135,0.25,0.5,1,0.6,1.5,1,5.329879,34.922645,4.01475,83.472182,26.15677,94.722731,32.188375
0.25,0.45,0.75,Vertical,SE,135,0.25,0.5,1,0.8,1.5,1,5.854866,24.925506,4.08415,74.05755,24.341854,89.638944,25.47612
0.6,0.15,0.75,Vertical,SE,135,0.4,0.7,1.6,0.4,1.5,1,5.989398,26.134112,4.19445,75.531957,24.925331,89.554141,26.813625
0.6,0.15,0.75,Vertical,SE,135,0.4,0.7,1.6,0.6,1.5,1,7.466067,24.165195,3.52735,75.336778,26.923582,107.133863,26.425946
0.6,0.15,0.75,Vertical,SE,135,0.4,0.7,1.6,0.8,1.5,1,8.971818,22.405067,3.2828,75.780246,29.296012,124.411964,25.913641
0.6,0.3,0.75,Vertical,SE,135,0.4,0.7,1.6,0.4,1.5,1,5.485199,26.896913,4.01125,75.392458,24.352381,86.012526,26.655598
0.6,0.3,0.75,Vertical,SE,135,0.4,0.7,1.6,0.6,1.5,1,6.698026,24.889156,3.68345,75.005293,25.826251,99.166273,26.245117
0.6,0.3,0.75,Vertical,SE,135,0.4,0.7,1.6,0.8,1.5,1,7.905398,23.239051,3.47735,75.093681,27.536968,112.77271,25.68004
0.6,0.45,0.75,Vertical,SE,135,0.4,0.7,1.6,0.4,1.5,1,5.130329,27.451289,4.45975,75.816159,23.937613,81.13813,26.528165
0.6,0.45,0.75,Vertical,SE,135,0.4,0.7,1.6,0.6,1.5,1,6.130518,25.513824,3.6493,74.676533,24.991682,92.873099,26.093863
0.6,0.45,0.75,Vertical,SE,135,0.4,0.7,1.6,0.8,1.5,1,7.057301,23.910684,3.53175,74.486097,26.207392,103.445149,25.488997
0.6,0.15,0.75,Vertical,SE,135,0.32,0.6,1.6,0.4,1.5,1,5.157063,27.428238,4.11975,75.401941,24.159691,79.372154,26.813625
0.6,0.15,0.75,Vertical,SE,135,0.32,0.6,1.6,0.6,1.5,1,6.181698,25.698899,3.5246,74.768326,25.246306,92.126013,26.425946
0.6,0.15,0.75,Vertical,SE,135,0.32,0.6,1.6,0.8,1.5,1,7.209327,23.751324,3.68485,74.659222,26.696782,103.682781,25.913641
0.6,0.3,0.75,Vertical,SE,135,0.32,0.6,1.6,0.4,1.5,1,4.863571,27.962587,4.6236,76.027287,23.820549,77.832823,26.655598
0.6,0.3,0.75,Vertical,SE,135,0.32,0.6,1.6,0.6,1.5,1,5.628378,26.358179,3.4682,74.539605,24.476889,86.878418,26.245117
0.6,0.3,0.75,Vertical,SE,135,0.32,0.6,1.6,0.8,1.5,1,6.415655,24.727624,3.5429,74.227603,25.444969,95.135626,25.68004
0.6,0.45,0.75,Vertical,SE,135,0.32,0.6,1.6,0.4,1.5,1,4.555112,28.391917,5.15025,76.459917,23.585474,72.644159,26.528165
0.6,0.45,0.75,Vertical,SE,135,0.32,0.6,1.6,0.6,1.5,1,5.187563,26.756786,3.7823,74.496382,23.97866,80.685009,26.093863
0.6,0.45,0.75,Vertical,SE,135,0.32,0.6,1.6,0.8,1.5,1,5.790499,25.15396,3.7365,73.835202,24.499703,87.688589,25.488997
0.6,0.15,0.75,Vertical,SE,135,0.25,0.5,1.6,0.4,1.5,1,4.874497,28.135739,5.02245,76.588958,23.924814,77.707642,26.813625
0.6,0.15,0.75,Vertical,SE,135,0.25,0.5,1.6,0.6,1.5,1,5.554029,26.543434,3.79085,74.889489,24.552182,84.588305,26.425946
0.6,0.15,0.75,Vertical,SE,135,0.25,0.5,1.6,0.8,1.5,1,6.30671,24.94026,3.66825,74.36498,25.510628,93.788546,25.913641
0.6,0.3,0.75,Vertical,SE,135,0.25,0.5,1.6,0.4,1.5,1,4.523006,28.643594,5.40315,76.841297,23.708919,70.452153,26.655598
0.6,0.3,0.75,Vertical,SE,135,0.25,0.5,1.6,0.6,1.5,1,5.060607,27.266057,3.85195,74.885018,24.037562,79.118238,26.245117
0.6,0.3,0.75,Vertical,SE,135,0.25,0.5,1.6,0.8,1.5,1,5.655088,25.687943,3.7574,74.173833,24.569543,86.621152,25.68004
0.6,0.45,0.75,Vertical,SE,135,0.25,0.5,1.6,0.4,1.5,1,4.34979,29.056626,5.895,77.531597,23.586485,70.875022,26.528165
0.6,0.45,0.75,Vertical,SE,135,0.25,0.5,1.6,0.6,1.5,1,4.702164,27.805338,4.01475,74.973455,23.733302,75.835223,26.093863
0.6,0.45,0.75,Vertical,SE,135,0.25,0.5,1.6,0.8,1.5,1,5.134681,26.253235,4.08415,74.193765,23.92703,80.406073,25.488997
0.6,0.15,0.75,Vertical,SE,135,0.4,0.7,1,0.4,1.5,1,6.468887,22.301498,4.19445,72.361048,24.404073,90.423362,24.223212
0.6,0.15,0.75,Vertical,SE,135,0.4,0.7,1,0.6,1.5,1,8.326633,18.798314,3.52735,71.105776,26.667945,108.822079,22.555141
0.6,0.15,0.75,Vertical,SE,135,0.4,0.7,1,0.8,1.5,1,10.315664,15.713355,3.2828,70.940608,29.358369,127.154511,20.802437
0.6,0.3,0.75,Vertical,SE,135,0.4,0.7,1,0.4,1.5,1,5.923223,22.980719,4.01125,72.03929,23.686357,86.788021,24.097008
0.6,0.3,0.75,Vertical,SE,135,0.4,0.7,1,0.6,1.5,1,7.501957,19.471516,3.68345,70.652408,25.347769,100.598166,22.423497
0.6,0.3,0.75,Vertical,SE,135,0.4,0.7,1,0.8,1.5,1,9.132971,16.414654,3.47735,69.942264,27.303266,115.14474,20.635853
0.6,0.45,0.75,Vertical,SE,135,0.4,0.7,1,0.4,1.5,1,5.545933,23.45334,4.45975,72.337437,23.137176,81.806201,23.994368
0.6,0.45,0.75,Vertical,SE,135,0.4,0.7,1,0.6,1.5,1,6.884576,20.053737,3.6493,70.237068,24.299274,94.178257,22.310854
0.6,0.45,0.75,Vertical,SE,135,0.4,0.7,1,0.8,1.5,1,8.182742,17.019889,3.53175,69.077742,25.705268,105.588065,20.498435
0.6,0.15,0.75,Vertical,SE,135,0.32,0.6,1,0.4,1.5,1,5.941411,22.966825,4.11975,72.081487,23.81983,84.340072,24.223212
0.6,0.15,0.75,Vertical,SE,135,0.32,0.6,1,0.6,1.5,1,7.517564,19.642778,3.5246,70.672958,25.533606,99.771904,22.555141
0.6,0.15,0.75,Vertical,SE,135,0.32,0.6,1,0.8,1.5,1,9.164114,16.329045,3.68485,70.057547,27.679541,114.170077,20.802437
0.6,0.3,0.75,Vertical,SE,135,0.32,0.6,1,0.4,1.5,1,5.586374,23.524663,4.6236,72.649512,23.234387,82.35097,24.097008
0.6,0.3,0.75,Vertical,SE,135,0.32,0.6,1,0.6,1.5,1,6.818211,20.273395,3.4682,70.197757,24.278461,94.041093,22.423497
0.6,0.3,0.75,Vertical,SE,135,0.32,0.6,1,0.8,1.5,1,8.15315,17.221794,3.5429,69.242923,25.84959,105.066851,20.635853
0.6,0.45,0.75,Vertical,SE,135,0.32,0.6,1,0.4,1.5,1,5.22099,23.986095,5.15025,73.042126,22.814006,76.890373,23.994368
0.6,0.45,0.75,Vertical,SE,135,0.32,0.6,1,0.6,1.5,1,6.279703,20.661512,3.7823,70.015457,23.418526,87.410287,22.310854
0.6,0.45,0.75,Vertical,SE,135,0.32,0.6,1,0.8,1.5,1,7.364937,17.617671,3.7365,68.579187,24.272575,96.903012,20.498435
0.6,0.15,0.75,Vertical,SE,135,0.25,0.5,1,0.4,1.5,1,5.272084,24.02098,5.02245,73.009697,22.97055,77.842138,24.223212
0.6,0.15,0.75,Vertical,SE,135,0.25,0.5,1,0.6,1.5,1,6.223307,20.789208,3.79085,69.981116,23.509316,85.021915,22.555141
0.6,0.15,0.75,Vertical,SE,135,0.25,0.5,1,0.8,1.5,1,7.341953,17.782626,3.66825,68.577068,24.57298,94.712302,20.802437
0.6,0.3,0.75,Vertical,SE,135,0.25,0.5,1,0.4,1.5,1,4.885026,24.474828,5.40315,73.147295,22.649915,70.51125,24.097008
0.6,0.3,0.75,Vertical,SE,135,0.25,0.5,1,0.6,1.5,1,5.682692,21.398309,3.85195,69.779523,22.767929,79.448869,22.423497
0.6,0.3,0.75,Vertical,SE,135,0.25,0.5,1,0.8,1.5,1,6.621166,18.362093,3.7574,68.13684,23.22833,87.362495,20.635853
0.6,0.45,0.75,Vertical,SE,135,0.25,0.5,1,0.4,1.5,1,4.691769,24.871394,5.895,73.757787,22.444743,70.88077,23.994368
0.6,0.45,0.75,Vertical,SE,135,0.25,0.5,1,0.6,1.5,1,5.314733,21.858704,4.01475,69.845164,22.29719,76.131732,22.310854
0.6,0.45,0.75,Vertical,SE,135,0.25,0.5,1,0.8,1.5,1,6.039905,18.801479,4.08415,67.965081,22.244357,81.00824,20.498435
0.25,0.15,0.75,Vertical,SE,135,0.4,0.7,1.6,0.4,3,1,6.181542,45.709921,4.7324,96.809913,29.523743,117.899929,41.025938
0.25,0.15,0.75,Vertical,SE,135,0.4,0.7,1.6,0.6,3,1,7.283458,36.618475,3.7527,88.272617,29.808622,123.441241,35.94935
0.25,0.15,0.75,Vertical,SE,135,0.4,0.7,1.6,0.8,3,1,8.48149,28.286144,3.6717,81.577406,30.212579,128.793094,30.590046
0.25,0.3,0.75,Vertical,SE,135,0.4,0.7,1.6,0.4,3,1,5.592136,46.758668,4.97965,97.117597,28.986955,108.372199,40.677814
0.25,0.3,0.75,Vertical,SE,135,0.4,0.7,1.6,0.6,3,1,6.655505,37.616984,4.0543,88.59287,28.919358,117.615361,35.650755
0.25,0.3,0.75,Vertical,SE,135,0.4,0.7,1.6,0.8,3,1,7.337622,29.448092,3.65195,80.874249,28.390838,117.260422,30.238112
0.25,0.45,0.75,Vertical,SE,135,0.4,0.7,1.6,0.4,3,1,5.071342,47.719566,5.10715,97.453636,28.572665,104.884248,40.422258
0.25,0.45,0.75,Vertical,SE,135,0.4,0.7,1.6,0.6,3,1,5.993794,38.672751,4.00585,88.549211,28.183274,111.155687,35.421524
0.25,0.45,0.75,Vertical,SE,135,0.4,0.7,1.6,0.8,3,1,6.503629,30.29224,3.8759,80.615343,27.049791,108.152563,29.982392
0.25,0.15,0.75,Vertical,SE,135,0.32,0.6,1.6,0.4,3,1,5.558525,46.995803,5.4245,97.705196,28.974399,105.985866,41.025938
0.25,0.15,0.75,Vertical,SE,135,0.32,0.6,1.6,0.6,3,1,6.24301,38.230292,4.07825,88.522283,28.433521,111.619833,35.94935
0.25,0.15,0.75,Vertical,SE,135,0.32,0.6,1.6,0.8,3,1,6.873385,30.216834,3.4888,80.656777,27.884101,109.79255,30.590046
0.25,0.3,0.75,Vertical,SE,135,0.32,0.6,1.6,0.4,3,1,5.060654,47.849496,5.5774,97.889051,28.644009,100.096243,40.677814
0.25,0.3,0.75,Vertical,SE,135,0.32,0.6,1.6,0.6,3,1,5.674234,39.267761,4.008,88.569127,27.860533,105.292353,35.650755
0.25,0.3,0.75,Vertical,SE,135,0.32,0.6,1.6,0.8,3,1,5.989869,31.190995,3.7554,80.500297,26.627641,100.081271,30.238112
0.25,0.45,0.75,Vertical,SE,135,0.32,0.6,1.6,0.4,3,1,4.627741,48.840925,5.73205,98.443821,28.409622,98.003648,40.422258
0.25,0.45,0.75,Vertical,SE,135,0.32,0.6,1.6,0.6,3,1,5.194017,40.184496,4.4579,89.170886,27.424488,99.014746,35.421524
0.25,0.45,0.75,Vertical,SE,135,0.32,0.6,1.6,0.8,3,1,5.346749,32.200643,3.8674,80.560602,25.833326,92.317214,29.982392
0.25,0.15,0.75,Vertical,SE,135,0.25,0.5,1.6,0.4,3,1,5.188491,47.777053,5.6349,98.07899,28.816946,100.877432,41.025938
0.25,0.15,0.75,Vertical,SE,135,0.25,0.5,1.6,0.6,3,1,5.628663,39.472307,4.1785,88.800662,27.960099,101.768291,35.94935
0.25,0.15,0.75,Vertical,SE,135,0.25,0.5,1.6,0.8,3,1,6.07792,31.467375,3.8555,81.003619,26.951639,100.439608,30.590046
0.25,0.3,0.75,Vertical,SE,135,0.25,0.5,1.6,0.4,3,1,4.772652,48.703355,5.80405,98.508511,28.609021,96.208786,40.677814
0.25,0.3,0.75,Vertical,SE,135,0.25,0.5,1.6,0.6,3,1,5.25307,40.29044,4.77005,89.650179,27.530296,99.546814,35.650755
0.25,0.3,0.75,Vertical,SE,135,0.25,0.5,1.6,0.8,3,1,5.314955,32.632701,3.86005,80.928423,26.031496,91.994244,30.238112
0.25,0.45,0.75,Vertical,SE,135,0.25,0.5,1.6,0.4,3,1,4.417512,49.604112,6.1949,99.285716,28.461043,94.778415,40.422258
0.25,0.45,0.75,Vertical,SE,135,0.25,0.5,1.6,0.6,3,1,4.807901,41.161595,4.93695,90.000692,27.244473,94.139544,35.421524
0.25,0.45,0.75,Vertical,SE,135,0.25,0.5,1.6,0.8,3,1,4.726229,33.415741,4.0795,81.019422,25.53397,87.155736,29.982392
0.25,0.15,0.75,Vertical,SE,135,0.4,0.7,1,0.4,3,1,6.495218,41.622731,4.7324,93.104795,29.129464,118.774157,38.674134
0.25,0.15,0.75,Vertical,SE,135,0.4,0.7,1,0.6,3,1,7.942903,30.807185,3.7527,83.371439,29.591191,125.088585,32.331123
0.25,0.15,0.75,Vertical,SE,135,0.4,0.7,1,0.8,3,1,9.626465,21.338889,3.6717,76.13721,30.258687,131.454545,25.65146
0.25,0.3,0.75,Vertical,SE,135,0.4,0.7,1,0.4,3,1,5.876669,42.651231,4.97965,93.357135,28.484944,109.130697,38.357192
0.25,0.3,0.75,Vertical,SE,135,0.4,0.7,1,0.6,3,1,7.25233,31.743492,4.0543,83.526975,28.506094,119.039594,32.079238
0.25,0.3,0.75,Vertical,SE,135,0.4,0.7,1,0.8,3,1,8.376115,22.324947,3.65195,75.160935,28.131343,119.546375,25.365585
0.25,0.45,0.75,Vertical,SE,135,0.4,0.7,1,0.4,3,1,5.319483,43.60506,5.10715,93.621822,27.959151,105.501256,38.127562
0.25,0.45,0.75,Vertical,SE,135,0.4,0.7,1,0.6,3,1,6.532908,32.70317,4.00585,83.276539,27.570901,112.468393,31.884501
0.25,0.45,0.75,Vertical,SE,135,0.4,0.7,1,0.8,3,1,7.445332,23.012501,3.8759,74.603151,26.432227,110.036166,25.163506
0.25,0.15,0.75,Vertical,SE,135,0.32,0.6,1,0.4,3,1,6.155783,42.320755,5.4245,93.911168,28.774438,111.037792,38.674134
0.25,0.15,0.75,Vertical,SE,135,0.32,0.6,1,0.6,3,1,7.31963,31.640376,4.07825,83.521197,28.671714,118.972408,32.331123
0.25,0.15,0.75,Vertical,SE,135,0.32,0.6,1,0.8,3,1,8.614983,22.284697,3.4888,75.301519,28.745271,120.294888,25.65146
0.25,0.3,0.75,Vertical,SE,135,0.32,0.6,1,0.4,3,1,5.570657,43.263058,5.5774,94.031475,28.245229,104.548665,38.357192
0.25,0.3,0.75,Vertical,SE,135,0.32,0.6,1,0.6,3,1,6.601675,32.706457,4.008,83.379495,27.736568,112.420114,32.079238
0.25,0.3,0.75,Vertical,SE,135,0.32,0.6,1,0.8,3,1,7.513989,23.136916,3.7554,74.712061,26.803781,109.989253,25.365585
0.25,0.45,0.75,Vertical,SE,135,0.32,0.6,1,0.4,3,1,5.087643,44.279584,5.73205,94.544053,27.848508,102.099353,38.127562
0.25,0.45,0.75,Vertical,SE,135,0.32,0.6,1,0.6,3,1,6.031889,33.627166,4.4579,83.8284,26.973291,105.583433,31.884501
0.25,0.45,0.75,Vertical,SE,135,0.32,0.6,1,0.8,3,1,6.672853,24.011827,3.8674,74.34052,25.373132,101.304359,25.163506
0.25,0.15,0.75,Vertical,SE,135,0.25,0.5,1,0.4,3,1,5.439154,43.585043,5.6349,94.154338,28.196791,101.083955,38.674134
0.25,0.15,0.75,Vertical,SE,135,0.25,0.5,1,0.6,3,1,6.116529,33.35352,4.1785,83.313175,27.179707,102.26295,32.331123
0.25,0.15,0.75,Vertical,SE,135,0.25,0.5,1,0.8,3,1,6.936297,23.792881,3.8555,74.449641,26.079575,101.357784,25.65146
0.25,0.3,0.75,Vertical,SE,135,0.25,0.5,1,0.4,3,1,5.002771,44.503464,5.80405,94.561426,27.911465,96.355919,38.357192
0.25,0.3,0.75,Vertical,SE,135,0.25,0.5,1,0.6,3,1,5.703139,34.154042,4.77005,84.074497,26.579179,99.949768,32.079238
0.25,0.3,0.75,Vertical,SE,135,0.25,0.5,1,0.8,3,1,6.087955,24.740332,3.86005,74.039101,24.752369,92.706139,25.365585
0.25,0.45,0.75,Vertical,SE,135,0.25,0.5,1,0.4,3,1,4.641177,45.393634,6.1949,95.345945,27.69747,94.893887,38.127562
0.25,0.45,0.75,Vertical,SE,135,0.25,0.5,1,0.6,3,1,5.231653,34.998603,4.93695,84.325089,26.12705,94.422503,31.884501
0.25,0.45,0.75,Vertical,SE,135,0.25,0.5,1,0.8,3,1,5.447264,25.384709,4.0795,73.938784,23.910125,87.70163,25.163506
0.6,0.15,0.75,Vertical,SE,135,0.4,0.7,1.6,0.4,3,1,6.033162,25.972276,4.7324,76.059821,24.90533,91.719812,26.610053
0.6,0.15,0.75,Vertical,SE,135,0.4,0.7,1.6,0.6,3,1,7.44159,23.947852,3.7527,75.333499,27.090401,107.401659,26.24675
0.6,0.15,0.75,Vertical,SE,135,0.4,0.7,1.6,0.8,3,1,8.793875,22.254913,3.6717,75.719217,29.187364,122.116777,25.766809
0.6,0.3,0.75,Vertical,SE,135,0.4,0.7,1.6,0.4,3,1,5.475284,26.721309,4.97965,76.102518,24.287726,82.598066,26.396924
0.6,0.3,0.75,Vertical,SE,135,0.4,0.7,1.6,0.6,3,1,6.82545,24.672318,4.0543,75.395926,26.13489,102.521658,26.029695
0.6,0.3,0.75,Vertical,SE,135,0.4,0.7,1.6,0.8,3,1,7.715702,23.173812,3.65195,74.925416,27.371274,111.307422,25.492822
0.6,0.45,0.75,Vertical,SE,135,0.4,0.7,1.6,0.4,3,1,5.001542,27.39158,5.10715,76.184008,23.809799,80.125737,26.235355
0.6,0.45,0.75,Vertical,SE,135,0.4,0.7,1.6,0.6,3,1,6.21419,25.416791,4.00585,75.134468,25.3191,96.866289,25.865723
0.6,0.45,0.75,Vertical,SE,135,0.4,0.7,1.6,0.8,3,1,6.858794,23.803971,3.8759,74.399774,25.8676,102.245174,25.284589
0.6,0.15,0.75,Vertical,SE,135,0.32,0.6,1.6,0.4,3,1,5.270952,27.129022,5.4245,76.594857,24.13205,78.880278,26.610053
0.6,0.15,0.75,Vertical,SE,135,0.32,0.6,1.6,0.6,3,1,6.222111,25.2496,4.07825,74.982336,25.294221,94.773842,26.24675
0.6,0.15,0.75,Vertical,SE,135,0.32,0.6,1.6,0.8,3,1,7.081591,23.886837,3.4888,74.405763,26.525068,102.53835,25.766809
0.6,0.3,0.75,Vertical,SE,135,0.32,0.6,1.6,0.4,3,1,4.807287,27.704221,5.5774,76.532337,23.78907,73.547609,26.396924
0.6,0.3,0.75,Vertical,SE,135,0.32,0.6,1.6,0.6,3,1,5.691994,26.069204,4.008,74.902146,24.716796,89.426327,26.029695
0.6,0.3,0.75,Vertical,SE,135,0.32,0.6,1.6,0.8,3,1,6.265892,24.558897,3.7554,74.026246,25.218112,93.574287,25.492822
0.6,0.45,0.75,Vertical,SE,135,0.32,0.6,1.6,0.4,3,1,4.488385,28.395029,5.73205,76.954826,23.561049,72.637686,26.235355
0.6,0.45,0.75,Vertical,SE,135,0.32,0.6,1.6,0.6,3,1,5.273458,26.776809,4.4579,75.379412,24.254551,84.136046,25.865723
0.6,0.45,0.75,Vertical,SE,135,0.32,0.6,1.6,0.8,3,1,5.614918,25.38169,3.8674,73.902404,24.309245,85.931273,25.284589
0.6,0.15,0.75,Vertical,SE,135,0.25,0.5,1.6,0.4,3,1,4.808833,27.866951,5.6349,76.777133,23.944458,73.220617,26.610053
0.6,0.15,0.75,Vertical,SE,135,0.25,0.5,1.6,0.6,3,1,5.51755,26.358509,4.1785,75.021601,24.658829,84.245672,26.24675
0.6,0.15,0.75,Vertical,SE,135,0.25,0.5,1.6,0.8,3,1,6.205183,24.919398,3.8555,74.375257,25.375421,92.691865,25.766809
0.6,0.3,0.75,Vertical,SE,135,0.25,0.5,1.6,0.4,3,1,4.451352,28.507269,5.80405,76.999948,23.739842,69.161383,26.396924
0.6,0.3,0.75,Vertical,SE,135,0.25,0.5,1.6,0.6,3,1,5.187864,27.017376,4.77005,75.787071,24.24448,82.976269,26.029695
0.6,0.3,0.75,Vertical,SE,135,0.25,0.5,1.6,0.8,3,1,5.501577,25.845326,3.86005,74.170736,24.433775,85.011867,25.492822
0.6,0.45,0.75,Vertical,SE,135,0.25,0.5,1.6,0.4,3,1,4.214176,29.088236,6.1949,77.660932,23.642889,69.008605,26.235355
0.6,0.45,0.75,Vertical,SE,135,0.25,0.5,1.6,0.6,3,1,4.787455,27.676562,4.93695,75.923699,23.941784,78.552422,25.865723
0.6,0.45,0.75,Vertical,SE,135,0.25,0.5,1.6,0.8,3,1,4.938874,26.4792,4.0795,74.16809,23.830136,80.478448,25.284589
0.6,0.15,0.75,Vertical,SE,135,0.4,0.7,1,0.4,3,1,6.509452,22.237776,4.7324,72.953619,24.357566,92.646932,24.095519
0.6,0.15,0.75,Vertical,SE,135,0.4,0.7,1,0.6,3,1,8.284004,18.690622,3.7527,71.161233,26.815314,109.195519,22.456874
0.6,0.15,0.75,Vertical,SE,135,0.4,0.7,1,0.8,3,1,10.110853,15.648567,3.6717,70.897513,29.200925,124.877331,20.707437
0.6,0.3,0.75,Vertical,SE,135,0.4,0.7,1,0.4,3,1,5.906735,22.889548,4.97965,72.807319,23.569707,83.367259,23.914762
0.6,0.3,0.75,Vertical,SE,135,0.4,0.7,1,0.6,3,1,7.643799,19.337595,4.0543,71.134669,25.658492,104.1453,22.287702
0.6,0.3,0.75,Vertical,SE,135,0.4,0.7,1,0.8,3,1,8.926898,16.42176,3.65195,69.794876,27.081726,113.699404,20.500614
0.6,0.45,0.75,Vertical,SE,135,0.4,0.7,1,0.4,3,1,5.418992,23.518368,5.10715,72.865919,22.939937,80.762414,23.78003
0.6,0.45,0.75,Vertical,SE,135,0.4,0.7,1,0.6,3,1,6.981685,20.007554,4.00585,70.773689,24.613859,98.265477,22.15909
0.6,0.45,0.75,Vertical,SE,135,0.4,0.7,1,0.8,3,1,7.975055,16.948087,3.8759,69.034706,25.230762,104.363536,20.346788
0.6,0.15,0.75,Vertical,SE,135,0.32,0.6,1,0.4,3,1,6.056059,22.820728,5.4245,73.410023,23.76052,84.250593,24.095519
0.6,0.15,0.75,Vertical,SE,135,0.32,0.6,1,0.6,3,1,7.55306,19.357374,4.07825,71.030833,25.565588,102.36182,22.456874
0.6,0.15,0.75,Vertical,SE,135,0.32,0.6,1,0.8,3,1,9.01146,16.455218,3.4888,69.759415,27.431235,113.084159,20.707437
0.6,0.3,0.75,Vertical,SE,135,0.32,0.6,1,0.4,3,1,5.505324,23.391381,5.5774,73.263945,23.148865,78.069868,23.914762
0.6,0.3,0.75,Vertical,SE,135,0.32,0.6,1,0.6,3,1,6.886494,20.118937,4.008,70.72285,24.567733,96.596167,22.287702
0.6,0.3,0.75,Vertical,SE,135,0.32,0.6,1,0.8,3,1,7.977043,17.120705,3.7554,69.073367,25.477775,103.492107,20.500614
0.6,0.45,0.75,Vertical,SE,135,0.32,0.6,1,0.4,3,1,5.133532,24.081469,5.73205,73.587979,22.697954,76.714185,23.78003
0.6,0.45,0.75,Vertical,SE,135,0.32,0.6,1,0.6,3,1,6.349424,20.759706,4.4579,70.92265,23.706445,90.745102,22.15909
0.6,0.45,0.75,Vertical,SE,135,0.32,0.6,1,0.8,3,1,7.138505,17.804825,3.8674,68.547672,23.907839,95.040385,20.346788
0.6,0.15,0.75,Vertical,SE,135,0.25,0.5,1,0.4,3,1,5.210563,23.854211,5.6349,73.303011,22.961876,73.42183,24.095519
0.6,0.15,0.75,Vertical,SE,135,0.25,0.5,1,0.6,3,1,6.171836,20.699239,4.1785,70.20043,23.59159,84.7383,22.456874
0.6,0.15,0.75,Vertical,SE,135,0.25,0.5,1,0.8,3,1,7.23422,17.791124,3.8555,68.600262,24.360528,93.607982,20.707437
0.6,0.3,0.75,Vertical,SE,135,0.25,0.5,1,0.4,3,1,4.819051,24.445823,5.80405,73.421711,22.643363,69.242291,23.914762
0.6,0.3,0.75,Vertical,SE,135,0.25,0.5,1,0.6,3,1,5.83471,21.288367,4.77005,70.890985,22.973243,83.375672,22.287702
0.6,0.3,0.75,Vertical,SE,135,0.25,0.5,1,0.8,3,1,6.444558,18.504845,3.86005,68.112832,22.997138,85.742419,20.500614
0.6,0.45,0.75,Vertical,SE,135,0.25,0.5,1,0.4,3,1,4.567257,24.988107,6.1949,74.00864,22.444689,69.043731,23.78003
0.6,0.45,0.75,Vertical,SE,135,0.25,0.5,1,0.6,3,1,5.403255,21.8669,4.93695,70.963113,22.469988,78.860885,22.15909
0.6,0.45,0.75,Vertical,SE,135,0.25,0.5,1,0.8,3,1,5.837363,19.008675,4.0795,67.895721,22.011817,81.043651,20.346788
0.25,0.15,0.75,Vertical,SE,135,0.4,0.7,1.6,0.4,1.5,0,6.764994,44.524051,9.6863,101.354357,29.399267,116.024315,41.336353
